"","jobcountry","country","month","posted_wage_growth_yoy","posted_wage_growth_yoy_3moavg"
"1","AU","Australia",Jan 2019,0.0200014123795064,NA
"2","AU","Australia",Feb 2019,0.0173000461598927,NA
"3","AU","Australia",Mar 2019,0.0327622110884311,0.0233545565426101
"4","AU","Australia",Apr 2019,0.0327581507943717,0.0276068026808985
"5","AU","Australia",May 2019,0.0311070908085833,0.0322091508971287
"6","AU","Australia",Jun 2019,0.0266171049563609,0.0301607821864387
"7","AU","Australia",Jul 2019,0.0200666666666667,0.0259302874772036
"8","AU","Australia",Aug 2019,0.00466524149161807,0.0171163377048819
"9","AU","Australia",Sep 2019,0.0242424242424242,0.016324777466903
"10","AU","Australia",Oct 2019,0.0210134287575725,0.0166403648305383
"11","AU","Australia",Nov 2019,0.0211624038139355,0.0221394189379774
"12","AU","Australia",Dec 2019,0.0222222222222221,0.0214660182645767
"13","AU","Australia",Jan 2020,0.0185185185185186,0.0206343815182254
"14","AU","Australia",Feb 2020,0.0247689152052675,0.0218365519820027
"15","AU","Australia",Mar 2020,0.0249387012748825,0.0227420449995562
"16","AU","Australia",Apr 2020,0.0249922209882738,0.0248999458228079
"17","AU","Australia",May 2020,0.0245659624707855,0.0248322949113139
"18","AU","Australia",Jun 2020,0.024989623680282,0.0248492690464471
"19","AU","Australia",Jul 2020,0.024989623680282,0.0248484032771165
"20","AU","Australia",Aug 2020,0.025092254737301,0.0250238340326217
"21","AU","Australia",Sep 2020,0.0175276656457777,0.0225365146877869
"22","AU","Australia",Oct 2020,0.0180912776495099,0.0202370660108629
"23","AU","Australia",Nov 2020,0.0153468184423879,0.0169885872458918
"24","AU","Australia",Dec 2020,0.02,0.0178126986972993
"25","AU","Australia",Jan 2021,0.0172113919491057,0.0175194034638312
"26","AU","Australia",Feb 2021,0.0224947835237723,0.0199020584909593
"27","AU","Australia",Mar 2021,0.0174044297828697,0.0190368684185826
"28","AU","Australia",Apr 2021,0.00300410692305197,0.0143011067432313
"29","AU","Australia",May 2021,0.0164965986394557,0.0123017117817925
"30","AU","Australia",Jun 2021,0.0114675879211321,0.0103227644945466
"31","AU","Australia",Jul 2021,0.020000421594047,0.0159882027182116
"32","AU","Australia",Aug 2021,0.0294117647058822,0.0202932580736871
"33","AU","Australia",Sep 2021,0.0335022090305852,0.0276381317768382
"34","AU","Australia",Oct 2021,0.0395102155020476,0.0341413964128383
"35","AU","Australia",Nov 2021,0.036206870243467,0.0364064315920333
"36","AU","Australia",Dec 2021,0.0390996542535328,0.0382722466663491
"37","AU","Australia",Jan 2022,0.040400651084731,0.0385690585272436
"38","AU","Australia",Feb 2022,0.0344827586206897,0.0379943546529845
"39","AU","Australia",Mar 2022,0.0399479420463886,0.0382771172506031
"40","AU","Australia",Apr 2022,0.0329118724049702,0.0357808576906828
"41","AU","Australia",May 2022,0.0357142857142858,0.0361913667218815
"42","AU","Australia",Jun 2022,0.0328734496636072,0.0338332025942877
"43","AU","Australia",Jul 2022,0.0293622647466221,0.032650000041505
"44","AU","Australia",Aug 2022,0.0235023994011274,0.0285793712704522
"45","AU","Australia",Sep 2022,0.0253894736842106,0.0260847126106534
"46","AU","Australia",Oct 2022,0.0271863317173336,0.0253594016008906
"47","AU","Australia",Nov 2022,0.0254588125537529,0.0260115393184324
"48","AU","Australia",Dec 2022,0.0287999854043378,0.0271483765584748
"49","AU","Australia",Jan 2023,0.0285937488079071,0.0276175155886659
"50","AU","Australia",Feb 2023,0.0335816352507554,0.0303251231543334
"51","AU","Australia",Mar 2023,0.025590876399403,0.0292554201526885
"52","AU","Australia",Apr 2023,0.0309575660140432,0.0300433592214006
"53","AU","Australia",May 2023,0.027745446099635,0.0280979628376938
"54","AU","Australia",Jun 2023,0.0253142970282147,0.0280057697139643
"55","CA","Canada",Jan 2019,0.0293097297275269,NA
"56","CA","Canada",Feb 2019,0.0277777777777777,NA
"57","CA","Canada",Mar 2019,0.0220272857053633,0.0263715977368893
"58","CA","Canada",Apr 2019,0.0303030303030303,0.0267026979287237
"59","CA","Canada",May 2019,0.0249999926640436,0.0257767695574791
"60","CA","Canada",Jun 2019,0.0202574212867093,0.0251868147512611
"61","CA","Canada",Jul 2019,0.0202209316282332,0.0218261151929954
"62","CA","Canada",Aug 2019,0.0238095238095237,0.0214292922414887
"63","CA","Canada",Sep 2019,0.0181708972163966,0.0207337842180512
"64","CA","Canada",Oct 2019,0.020075015647115,0.0206851455576785
"65","CA","Canada",Nov 2019,0.0198300503702147,0.0193586544112421
"66","CA","Canada",Dec 2019,0.0117909767090114,0.0172320142421137
"67","CA","Canada",Jan 2020,0.0160483417309745,0.0158897896034002
"68","CA","Canada",Feb 2020,0.0151057234849693,0.0143150139749851
"69","CA","Canada",Mar 2020,0.0200751862037896,0.0170764171399111
"70","CA","Canada",Apr 2020,0.0277777777777777,0.0209862291555122
"71","CA","Canada",May 2020,0.0188679245283019,0.0222402961699564
"72","CA","Canada",Jun 2020,0.0169491525423728,0.0211982849494841
"73","CA","Canada",Jul 2020,0.019806173435423,0.0185410835020326
"74","CA","Canada",Aug 2020,0.0174520072131732,0.0180691110636563
"75","CA","Canada",Sep 2020,0.0212765957446808,0.0195115921310923
"76","CA","Canada",Oct 2020,0.0201028249468579,0.0196104759682373
"77","CA","Canada",Nov 2020,0.0214878844306117,0.0209557683740501
"78","CA","Canada",Dec 2020,0.0251737588161349,0.0222548227312015
"79","CA","Canada",Jan 2021,0.0277777777777777,0.0248131403415081
"80","CA","Canada",Feb 2021,0.027027027027027,0.0266595212069799
"81","CA","Canada",Mar 2021,0.0200774793533623,0.0249607613860557
"82","CA","Canada",Apr 2021,0.0125,0.0198681687934631
"83","CA","Canada",May 2021,0.0281839064394602,0.0202537952642742
"84","CA","Canada",Jun 2021,0.0277777777777777,0.022820561405746
"85","CA","Canada",Jul 2021,0.0306122448979591,0.0288579763717323
"86","CA","Canada",Aug 2021,0.0303030303030303,0.0295643509929224
"87","CA","Canada",Sep 2021,0.0311924069141737,0.0307025607050544
"88","CA","Canada",Oct 2021,0.0302249265803279,0.0305734545991773
"89","CA","Canada",Nov 2021,0.0294117647058822,0.0302763660667946
"90","CA","Canada",Dec 2021,0.03125,0.0302955637620701
"91","CA","Canada",Jan 2022,0.04,0.0335539215686274
"92","CA","Canada",Feb 2022,0.0405089580691346,0.0372529860230449
"93","CA","Canada",Mar 2022,0.0460232674383276,0.0421774085024874
"94","CA","Canada",Apr 2022,0.0473701668088881,0.0446341307721168
"95","CA","Canada",May 2022,0.0511823280658028,0.0481919207710062
"96","CA","Canada",Jun 2022,0.0526315789473684,0.0503946912740197
"97","CA","Canada",Jul 2022,0.054263565891473,0.0526924909682147
"98","CA","Canada",Aug 2022,0.0526315789473684,0.0531755745954032
"99","CA","Canada",Sep 2022,0.0462704166302734,0.0510551871563716
"100","CA","Canada",Oct 2022,0.0453189455511384,0.0480736470429267
"101","CA","Canada",Nov 2022,0.046875,0.0461547873938039
"102","CA","Canada",Dec 2022,0.0478055216939557,0.046666489081698
"103","CA","Canada",Jan 2023,0.04,0.0448935072313186
"104","CA","Canada",Feb 2023,0.0434782608695652,0.043761260854507
"105","CA","Canada",Mar 2023,0.0399999809265137,0.0411594139320263
"106","CA","Canada",Apr 2023,0.0416666666666667,0.0417149694875819
"107","CA","Canada",May 2023,0.0416666666666667,0.0411111047532824
"108","CA","Canada",Jun 2023,0.0393467199096842,0.0408933510810059
"109","DE","Germany",Jan 2019,0.0298507462686568,NA
"110","DE","Germany",Feb 2019,0.0448076908405011,NA
"111","DE","Germany",Mar 2019,0.037037037037037,0.0372318247153983
"112","DE","Germany",Apr 2019,0.0252427402006956,0.0356958226927446
"113","DE","Germany",May 2019,0.0359918250022828,0.0327572007466718
"114","DE","Germany",Jun 2019,0.0416666666666667,0.0343004106232151
"115","DE","Germany",Jul 2019,0.0256410256410255,0.0344331724366584
"116","DE","Germany",Aug 2019,0.0315893081154106,0.032965666807701
"117","DE","Germany",Sep 2019,0.0182231924334969,0.0251511753966444
"118","DE","Germany",Oct 2019,0.0252427402006956,0.025018413583201
"119","DE","Germany",Nov 2019,0.037037037037037,0.0268343232237432
"120","DE","Germany",Dec 2019,0,0.0207599257459109
"121","DE","Germany",Jan 2020,0.0196078431372548,0.0188816267247639
"122","DE","Germany",Feb 2020,0.0227272727272727,0.0141117052881758
"123","DE","Germany",Mar 2020,0.0204592054972487,0.0209314404539254
"124","DE","Germany",Apr 2020,0.0227272501497566,0.021971242791426
"125","DE","Germany",May 2020,0.00152976702266661,0.0149054075565573
"126","DE","Germany",Jun 2020,0.0172109386192312,0.0138226519305515
"127","DE","Germany",Jul 2020,0.00943479741686015,0.00939183435291931
"128","DE","Germany",Aug 2020,0.0193136564465211,0.0153197974942041
"129","DE","Germany",Sep 2020,0.00347825755243725,0.0107422371386062
"130","DE","Germany",Oct 2020,0.0105263157894737,0.011106076596144
"131","DE","Germany",Nov 2020,0.0119595322731902,0.0086547018717004
"132","DE","Germany",Dec 2020,0.00911067430231649,0.0105321741216602
"133","DE","Germany",Jan 2021,0.0168897301159439,0.0126533122304835
"134","DE","Germany",Feb 2021,0.0166666666666666,0.014222357028309
"135","DE","Germany",Mar 2021,0.018981998720244,0.0175127985009515
"136","DE","Germany",Apr 2021,0.02,0.0185495551289702
"137","DE","Germany",May 2021,0.0341590243178483,0.0243803410126974
"138","DE","Germany",Jun 2021,0.0267379668235588,0.0269656637138024
"139","DE","Germany",Jul 2021,0.0322011265893065,0.0310327059102379
"140","DE","Germany",Aug 2021,0.0333333333333334,0.0307574755820662
"141","DE","Germany",Sep 2021,0.0334108367446782,0.0329817655557727
"142","DE","Germany",Oct 2021,0.0416666666666667,0.0361369455815594
"143","DE","Germany",Nov 2021,0.0390764758923819,0.0380513264345756
"144","DE","Germany",Dec 2021,0.0346534073837805,0.0384655166476097
"145","DE","Germany",Jan 2022,0.0434782608695652,0.0390693813819092
"146","DE","Germany",Feb 2022,0.0408163265306123,0.0396493315946527
"147","DE","Germany",Mar 2022,0.0398675422255624,0.0413873765419133
"148","DE","Germany",Apr 2022,0.0396040096898806,0.0400959594820185
"149","DE","Germany",May 2022,0.0460590334090172,0.0418435284414868
"150","DE","Germany",Jun 2022,0.0576923076923077,0.0477851169304018
"151","DE","Germany",Jul 2022,0.0566037735849056,0.0534517048954102
"152","DE","Germany",Aug 2022,0.0628875146630594,0.0590611986467576
"153","DE","Germany",Sep 2022,0.076086956521739,0.065192748256568
"154","DE","Germany",Oct 2022,0.0701754385964912,0.0697166365937632
"155","DE","Germany",Nov 2022,0.0579466758272533,0.0680696903151612
"156","DE","Germany",Dec 2022,0.0603588709056375,0.062826995109794
"157","DE","Germany",Jan 2023,0.0576923076923077,0.0586659514750662
"158","DE","Germany",Feb 2023,0.0588235294117647,0.0589582360032367
"159","DE","Germany",Mar 2023,0.0606060606060606,0.0590406325700443
"160","DE","Germany",Apr 2023,0.064516129032258,0.0613152396833611
"161","DE","Germany",May 2023,0.0576923076923077,0.0609381657768754
"162","DE","Germany",Jun 2023,0.0555555555555556,0.0592546640933738
"163","ES","Spain",Jan 2019,0.0204081632653061,NA
"164","ES","Spain",Feb 2019,0.0379214214771201,NA
"165","ES","Spain",Mar 2019,0.0235326688815061,0.0272874178746441
"166","ES","Spain",Apr 2019,0.03125,0.0309013634528754
"167","ES","Spain",May 2019,0.044554472390302,0.033112380423936
"168","ES","Spain",Jun 2019,0.0476190476190477,0.0411411733364499
"169","ES","Spain",Jul 2019,0.0344827586206897,0.0422187595433465
"170","ES","Spain",Aug 2019,0.0592798136948369,0.0471272066448581
"171","ES","Spain",Sep 2019,0.0228030918619553,0.038855221392494
"172","ES","Spain",Oct 2019,0.0476190476190477,0.0432339843919466
"173","ES","Spain",Nov 2019,0.03125,0.0338907131603343
"174","ES","Spain",Dec 2019,0.0442906392925241,0.0410532289705239
"175","ES","Spain",Jan 2020,0.0105823068309071,0.0287076487078104
"176","ES","Spain",Feb 2020,0.0271302121184593,0.0273343860806302
"177","ES","Spain",Mar 2020,0.024390243902439,0.0207009209506018
"178","ES","Spain",Apr 2020,0.0535159232885306,0.0350121264364763
"179","ES","Spain",May 2020,0.0363636363636364,0.038089934518202
"180","ES","Spain",Jun 2020,0.0143831526043413,0.0347542374188361
"181","ES","Spain",Jul 2020,0.0187324929971988,0.0231597606550588
"182","ES","Spain",Aug 2020,0.0210989417462845,0.0180715291159415
"183","ES","Spain",Sep 2020,0.0327265514688909,0.0241859954041247
"184","ES","Spain",Oct 2020,0.0222022591706003,0.0253425841285919
"185","ES","Spain",Nov 2020,0.0288282642988972,0.0279190249794628
"186","ES","Spain",Dec 2020,0.0155122722486809,0.0221809319060594
"187","ES","Spain",Jan 2021,0.0384615384615385,0.0276006916697055
"188","ES","Spain",Feb 2021,0.0270588257733513,0.0270108788278569
"189","ES","Spain",Mar 2021,0.00137174211248281,0.0222973687824575
"190","ES","Spain",Apr 2021,0.00975632971635254,0.0127289658673955
"191","ES","Spain",May 2021,0,0.00370935727627845
"192","ES","Spain",Jun 2021,0.00854702325452905,0.00610111765696053
"193","ES","Spain",Jul 2021,0.0125,0.00701567441817634
"194","ES","Spain",Aug 2021,0.00328948627383441,0.0081121698427878
"195","ES","Spain",Sep 2021,0.0155745886171498,0.010454691630328
"196","ES","Spain",Oct 2021,0.00877192982456143,0.00921200157184854
"197","ES","Spain",Nov 2021,0.00139003457437314,0.00857885100536145
"198","ES","Spain",Dec 2021,0,0.00338732146631152
"199","ES","Spain",Jan 2022,0.0128900990617888,0.00476004454538733
"200","ES","Spain",Feb 2022,3.62318840579912e-05,0.00430877698194894
"201","ES","Spain",Mar 2022,0.0071337885845647,0.00668670651013718
"202","ES","Spain",Apr 2022,0.0232558139534884,0.0101419448073704
"203","ES","Spain",May 2022,0.0181878306878307,0.0161924777419613
"204","ES","Spain",Jun 2022,0.0396850393700787,0.0270428946704659
"205","ES","Spain",Jul 2022,0.0269473829717173,0.0282734176765422
"206","ES","Spain",Aug 2022,0.042572463768116,0.036401628703304
"207","ES","Spain",Sep 2022,0.0408163265306123,0.0367787244234818
"208","ES","Spain",Oct 2022,0.038406026962728,0.0405982724204854
"209","ES","Spain",Nov 2022,0.036549260618099,0.0385905380371464
"210","ES","Spain",Dec 2022,0.0420372218125027,0.0389975031311099
"211","ES","Spain",Jan 2023,0.0512820512820513,0.043289511237551
"212","ES","Spain",Feb 2023,0.0422538586627408,0.0451910439190983
"213","ES","Spain",Mar 2023,0.0429268292682927,0.0454875797376949
"214","ES","Spain",Apr 2023,0.0576923076923077,0.0476243318744471
"215","ES","Spain",May 2023,0.0528644632070354,0.0511612000558786
"216","ES","Spain",Jun 2023,0.0677966101694916,0.0594511270229449
"217","FR","France",Jan 2019,0.0153452951577409,NA
"218","FR","France",Feb 2019,0.0151821474486655,NA
"219","FR","France",Mar 2019,0.0151821474486655,0.0152365300183573
"220","FR","France",Apr 2019,0.0151821474486655,0.0151821474486655
"221","FR","France",May 2019,0.0151821474486655,0.0151821474486655
"222","FR","France",Jun 2019,0.0151821474486655,0.0151821474486655
"223","FR","France",Jul 2019,0.0151821474486655,0.0151821474486655
"224","FR","France",Aug 2019,0.0151821474486655,0.0151821474486655
"225","FR","France",Sep 2019,0.0151821474486655,0.0151821474486655
"226","FR","France",Oct 2019,0.0151821474486655,0.0151821474486655
"227","FR","France",Nov 2019,0.0151821474486655,0.0151821474486655
"228","FR","France",Dec 2019,0.01506743558192,0.0151439101597504
"229","FR","France",Jan 2020,0.00894624206357664,0.0130652750313874
"230","FR","France",Feb 2020,0.0119640965856271,0.0119925914103746
"231","FR","France",Mar 2020,0.0119640965856271,0.010958145078277
"232","FR","France",Apr 2020,0.0177865916216695,0.0139049282643079
"233","FR","France",May 2020,0.0121137278587158,0.0139548053553375
"234","FR","France",Jun 2020,0.0119640965856271,0.0139548053553375
"235","FR","France",Jul 2020,0.0119640965856271,0.0120139736766567
"236","FR","France",Aug 2020,0.0119640965856271,0.0119640965856271
"237","FR","France",Sep 2020,0.0119640965856271,0.0119640965856271
"238","FR","France",Oct 2020,0.0119640965856271,0.0119640965856271
"239","FR","France",Nov 2020,0.0119640965856271,0.0119640965856271
"240","FR","France",Dec 2020,0.0119640965856271,0.0119640965856271
"241","FR","France",Jan 2021,0.0121540145477221,0.0120274025729921
"242","FR","France",Feb 2021,0.0107694701368934,0.0116291937567476
"243","FR","France",Mar 2021,0.00985225470227236,0.010925246462296
"244","FR","France",Apr 2021,0.00881590978360258,0.00981254487425613
"245","FR","France",May 2021,0.00985225470227236,0.0095068063960491
"246","FR","France",Jun 2021,0.00985225470227236,0.0095068063960491
"247","FR","France",Jul 2021,0.0114943337218978,0.0103996143754808
"248","FR","France",Aug 2021,0.0103448768331924,0.0105638217524542
"249","FR","France",Sep 2021,0.0121212121212122,0.0113201408921008
"250","FR","France",Oct 2021,0.0211822818392404,0.014549456931215
"251","FR","France",Nov 2021,0.0235107108948492,0.0189380682851006
"252","FR","France",Dec 2021,0.0228419789600359,0.0225116572313752
"253","FR","France",Jan 2022,0.0263157894736843,0.0242228264428565
"254","FR","France",Feb 2022,0.0278409090909091,0.0256662258415431
"255","FR","France",Mar 2022,0.0283502018879613,0.0275023001508516
"256","FR","France",Apr 2022,0.0305293501048217,0.0289068203612307
"257","FR","France",May 2022,0.0404063049225026,0.0330952856384286
"258","FR","France",Jun 2022,0.0416666666666667,0.0375341072313304
"259","FR","France",Jul 2022,0.0402613061564787,0.0407780925818827
"260","FR","France",Aug 2022,0.0530099792768027,0.0449793173666494
"261","FR","France",Sep 2022,0.0454545454545454,0.0462419436292756
"262","FR","France",Oct 2022,0.0468084534590938,0.0484243260634806
"263","FR","France",Nov 2022,0.0457457608357323,0.0460029199164572
"264","FR","France",Dec 2022,0.0465116279069768,0.0463552807339343
"265","FR","France",Jan 2023,0.0465116279069768,0.0462563388832287
"266","FR","France",Feb 2023,0.047945205479452,0.0469894870978019
"267","FR","France",Mar 2023,0.0507133795500168,0.0483900709788152
"268","FR","France",Apr 2023,0.04582893471619,0.0481625065818863
"269","FR","France",May 2023,0.0472727688876065,0.0479383610512711
"270","FR","France",Jun 2023,0.049038107015496,0.0473799368730975
"271","GB","UK",Jan 2019,0.0285714285714285,NA
"272","GB","UK",Feb 2019,0.0294117647058822,NA
"273","GB","UK",Mar 2019,0.0324825109469249,0.0301552347414119
"274","GB","UK",Apr 2019,0.0372710142407735,0.0330550966311935
"275","GB","UK",May 2019,0.0339527735084533,0.0345687662320506
"276","GB","UK",Jun 2019,0.0315223311546842,0.0342487063013036
"277","GB","UK",Jul 2019,0.03,0.0318250348877125
"278","GB","UK",Aug 2019,0.0327961538461539,0.0314394950002794
"279","GB","UK",Sep 2019,0.0285714285714285,0.0304558608058608
"280","GB","UK",Oct 2019,0.0272951987470187,0.0295542603882003
"281","GB","UK",Nov 2019,0.0294117647058822,0.0284261306747765
"282","GB","UK",Dec 2019,0.0262500047683716,0.0276523227404242
"283","GB","UK",Jan 2020,0.0259276997933983,0.027196489755884
"284","GB","UK",Feb 2020,0.0263653537357513,0.0261810194325071
"285","GB","UK",Mar 2020,0.0285714285714285,0.0269548273668594
"286","GB","UK",Apr 2020,0.0425457796013077,0.0324941873028292
"287","GB","UK",May 2020,0.037286894676289,0.036134700949675
"288","GB","UK",Jun 2020,0.0285714285714285,0.036134700949675
"289","GB","UK",Jul 2020,0.0289279223991481,0.0315954152156218
"290","GB","UK",Aug 2020,0.0277777777777777,0.0284257095827847
"291","GB","UK",Sep 2020,0.0289417743362478,0.0285491581710579
"292","GB","UK",Oct 2020,0.0298103087490911,0.0288432869543722
"293","GB","UK",Nov 2020,0.032258064516129,0.030336715867156
"294","GB","UK",Dec 2020,0.0296029521976457,0.0305571084876219
"295","GB","UK",Jan 2021,0.0340285603477342,0.0319631923538363
"296","GB","UK",Feb 2021,0.0320894768733588,0.0319069964729129
"297","GB","UK",Mar 2021,0.0250723463598013,0.0303967945269648
"298","GB","UK",Apr 2021,0.0100089869425013,0.0223902700585538
"299","GB","UK",May 2021,0.0209714030396537,0.0186842454473188
"300","GB","UK",Jun 2021,0.0277777777777777,0.0195860559199776
"301","GB","UK",Jul 2021,0.0347201821386605,0.027823120985364
"302","GB","UK",Aug 2021,0.0377142769949776,0.0334040789704719
"303","GB","UK",Sep 2021,0.0381593892716667,0.0368646161351016
"304","GB","UK",Oct 2021,0.0424395604395604,0.0394377422354016
"305","GB","UK",Nov 2021,0.0419953691497161,0.0408647729536478
"306","GB","UK",Dec 2021,0.0467046651857358,0.0437131982583375
"307","GB","UK",Jan 2022,0.0411951037178016,0.0432983793510845
"308","GB","UK",Feb 2022,0.0463414634146342,0.0447470774393905
"309","GB","UK",Mar 2022,0.0555555555555556,0.0476973742293304
"310","GB","UK",Apr 2022,0.0631229972706748,0.0550066720802882
"311","GB","UK",May 2022,0.0613207547169812,0.0599997691810705
"312","GB","UK",Jun 2022,0.0615384615384615,0.0619940711753725
"313","GB","UK",Jul 2022,0.0589519618830112,0.0606037260461513
"314","GB","UK",Aug 2022,0.0601499284609178,0.0602134506274635
"315","GB","UK",Sep 2022,0.0612279275392462,0.0601099392943918
"316","GB","UK",Oct 2022,0.0588235294117647,0.0600671284706429
"317","GB","UK",Nov 2022,0.0575249863359741,0.0591921477623284
"318","GB","UK",Dec 2022,0.058201079559348,0.0581831984356956
"319","GB","UK",Jan 2023,0.062644074210404,0.0594567133685754
"320","GB","UK",Feb 2023,0.0648528676828165,0.0618993404841895
"321","GB","UK",Mar 2023,0.0695172953995495,0.0656714124309233
"322","GB","UK",Apr 2023,0.075,0.0697900543607887
"323","GB","UK",May 2023,0.073684208605038,0.0727338346681958
"324","GB","UK",Jun 2023,0.0732500076293945,0.0739780720781441
"325","IE","Ireland",Jan 2019,0.0357142857142858,NA
"326","IE","Ireland",Feb 2019,0.0380237261672609,NA
"327","IE","Ireland",Mar 2019,0.0271493380594152,0.0336291166469873
"328","IE","Ireland",Apr 2019,0.0383631709812178,0.0345120784026313
"329","IE","Ireland",May 2019,0.0299730579254602,0.0318285223220311
"330","IE","Ireland",Jun 2019,0.0339080459770116,0.0340814249612299
"331","IE","Ireland",Jul 2019,0.0350877192982457,0.0329896077335725
"332","IE","Ireland",Aug 2019,0.032258064516129,0.0337512765971288
"333","IE","Ireland",Sep 2019,0.0384615948919735,0.0352691262354494
"334","IE","Ireland",Oct 2019,0.0357142857142858,0.0354779817074628
"335","IE","Ireland",Nov 2019,0.0222222222222221,0.0321327009428272
"336","IE","Ireland",Dec 2019,0.0183625472729904,0.0254330184031661
"337","IE","Ireland",Jan 2020,0.0232558139534884,0.0212801944829003
"338","IE","Ireland",Feb 2020,0.0249999999999999,0.0222061204088262
"339","IE","Ireland",Mar 2020,0.032679763143063,0.0269785256988504
"340","IE","Ireland",Apr 2020,0.0476190476190477,0.0350996035873702
"341","IE","Ireland",May 2020,0.0264316499539801,0.0355768202386969
"342","IE","Ireland",Jun 2020,0,0.0246835658576759
"343","IE","Ireland",Jul 2020,0.00121654964162499,0.00921606653186835
"344","IE","Ireland",Aug 2020,0.0135135135135136,0.00491002105171286
"345","IE","Ireland",Sep 2020,0.00900900900900892,0.00791302405471583
"346","IE","Ireland",Oct 2020,0.025124249817035,0.0158822574465192
"347","IE","Ireland",Nov 2020,0.0141235421900522,0.0160856003386987
"348","IE","Ireland",Dec 2020,0.010176,0.0164745973356957
"349","IE","Ireland",Jan 2021,0.0227680862572955,0.0156892094824492
"350","IE","Ireland",Feb 2021,0.0064489895708616,0.0131310252760524
"351","IE","Ireland",Mar 2021,0.0193526738586207,0.0161899165622593
"352","IE","Ireland",Apr 2021,0.0148636792221831,0.0135551142172218
"353","IE","Ireland",May 2021,0.0197779354500324,0.0179980961769454
"354","IE","Ireland",Jun 2021,0.0269492361255338,0.0205302835992498
"355","IE","Ireland",Jul 2021,0.0345702517753587,0.0270991411169749
"356","IE","Ireland",Aug 2021,0.0288745694603904,0.0301313524537609
"357","IE","Ireland",Sep 2021,0.034148528398478,0.0325311165447424
"358","IE","Ireland",Oct 2021,0.0344827586206897,0.0325019521598527
"359","IE","Ireland",Nov 2021,0.0343348141890372,0.0343220337360683
"360","IE","Ireland",Dec 2021,0.0476190476190477,0.0388122068095915
"361","IE","Ireland",Jan 2022,0.0275229092910931,0.0364922570330593
"362","IE","Ireland",Feb 2022,0.0370722742648972,0.0374047437250127
"363","IE","Ireland",Mar 2022,0.0302078853170045,0.0316010229576649
"364","IE","Ireland",Apr 2022,0.0405405666638328,0.0359402420819115
"365","IE","Ireland",May 2022,0.0513393121334367,0.0406959213714246
"366","IE","Ireland",Jun 2022,0.0434782608695652,0.0451193798889449
"367","IE","Ireland",Jul 2022,0.0547351866883117,0.0498509198971045
"368","IE","Ireland",Aug 2022,0.0547945205479452,0.051002656035274
"369","IE","Ireland",Sep 2022,0.0496092205608196,0.0530463092656922
"370","IE","Ireland",Oct 2022,0.040351777614404,0.0482518395743896
"371","IE","Ireland",Nov 2022,0.0475013862272244,0.045820794800816
"372","IE","Ireland",Dec 2022,0.04,0.0426177212805428
"373","IE","Ireland",Jan 2023,0.0588733741438088,0.0487915867903444
"374","IE","Ireland",Feb 2023,0.0492684317327883,0.0493806019588657
"375","IE","Ireland",Mar 2023,0.0564866801632403,0.0548761620132791
"376","IE","Ireland",Apr 2023,0.0461538126180461,0.0506363081713582
"377","IE","Ireland",May 2023,0.0445859872611465,0.0490754933474776
"378","IE","Ireland",Jun 2023,0.0384615384615385,0.0430671127802437
"379","IT","Italy",Jan 2019,0.000661390804069129,NA
"380","IT","Italy",Feb 2019,0,NA
"381","IT","Italy",Mar 2019,0,0.000220463601356376
"382","IT","Italy",Apr 2019,0,0
"383","IT","Italy",May 2019,0,0
"384","IT","Italy",Jun 2019,0,0
"385","IT","Italy",Jul 2019,0,0
"386","IT","Italy",Aug 2019,0,0
"387","IT","Italy",Sep 2019,0,0
"388","IT","Italy",Oct 2019,0,0
"389","IT","Italy",Nov 2019,0,0
"390","IT","Italy",Dec 2019,-0.0124010159868519,-0.0041336719956173
"391","IT","Italy",Jan 2020,0,-0.0041336719956173
"392","IT","Italy",Feb 2020,0,-0.0041336719956173
"393","IT","Italy",Mar 2020,0.0167832167832167,0.00559440559440557
"394","IT","Italy",Apr 2020,0.037037037037037,0.0179400846067512
"395","IT","Italy",May 2020,0.0377358490566038,0.0305187009589525
"396","IT","Italy",Jun 2020,0.0147651738040755,0.0298460199659054
"397","IT","Italy",Jul 2020,0.00880769230769229,0.0204362383894572
"398","IT","Italy",Aug 2020,0,0.00785762203725593
"399","IT","Italy",Sep 2020,0,0.00293589743589743
"400","IT","Italy",Oct 2020,0,0
"401","IT","Italy",Nov 2020,0,0
"402","IT","Italy",Dec 2020,0,0
"403","IT","Italy",Jan 2021,0,0
"404","IT","Italy",Feb 2021,0,0
"405","IT","Italy",Mar 2021,0,0
"406","IT","Italy",Apr 2021,0,0
"407","IT","Italy",May 2021,0,0
"408","IT","Italy",Jun 2021,0.0376179245283019,0.0125393081761006
"409","IT","Italy",Jul 2021,0.0344827586206897,0.0240335610496639
"410","IT","Italy",Aug 2021,0,0.0240335610496639
"411","IT","Italy",Sep 2021,0.0320020481310804,0.02216160225059
"412","IT","Italy",Oct 2021,0.037037037037037,0.0230130283893725
"413","IT","Italy",Nov 2021,0.023076923076923,0.0307053360816801
"414","IT","Italy",Dec 2021,0.0555555555555556,0.0385565052231719
"415","IT","Italy",Jan 2022,0.0384615384615385,0.039031339031339
"416","IT","Italy",Feb 2022,0.037037037037037,0.043684710351377
"417","IT","Italy",Mar 2022,0.0384615384615385,0.0379867046533714
"418","IT","Italy",Apr 2022,0.0612244897959184,0.0455743550981647
"419","IT","Italy",May 2022,0.0434782608695652,0.0477214297090074
"420","IT","Italy",Jun 2022,0.06,0.0549009168884946
"421","IT","Italy",Jul 2022,0.03125,0.0449094202898551
"422","IT","Italy",Aug 2022,0.037037037037037,0.0427623456790123
"423","IT","Italy",Sep 2022,0.037037037037037,0.035108024691358
"424","IT","Italy",Oct 2022,0.0366202134337728,0.0368980958359489
"425","IT","Italy",Nov 2022,0.04,0.0378857501569366
"426","IT","Italy",Dec 2022,0.037037037037037,0.0378857501569366
"427","IT","Italy",Jan 2023,0.0185185185185186,0.0318518518518519
"428","IT","Italy",Feb 2023,0.027027027027027,0.0275275275275275
"429","IT","Italy",Mar 2023,0.0295833506551494,0.0250429654002317
"430","IT","Italy",Apr 2023,0.0183501683501683,0.0249868486774482
"431","IT","Italy",May 2023,0.0108695652173914,0.0196010280742364
"432","IT","Italy",Jun 2023,0,0.00973991118918656
"433","JP","Japan",Jan 2019,0.0211267605633803,NA
"434","JP","Japan",Feb 2019,0.0240963855421685,NA
"435","JP","Japan",Mar 2019,0.0277777777777777,0.0243336412944422
"436","JP","Japan",Apr 2019,0.02,0.0239580544399821
"437","JP","Japan",May 2019,0.0238095238095237,0.0238624338624338
"438","JP","Japan",Jun 2019,0.0294505494505495,0.0244200244200244
"439","JP","Japan",Jul 2019,0.0249999999999999,0.026086691086691
"440","JP","Japan",Aug 2019,0.0272727272727273,0.0272410922410922
"441","JP","Japan",Sep 2019,0.0206790965323667,0.024317274601698
"442","JP","Japan",Oct 2019,0.0159090909090909,0.021286971571395
"443","JP","Japan",Nov 2019,0.0212765957446808,0.0192882610620461
"444","JP","Japan",Dec 2019,0.02,0.0190618955512572
"445","JP","Japan",Jan 2020,0.0183823529411764,0.0198863162286191
"446","JP","Japan",Feb 2020,0.0191169816574431,0.0191664448662065
"447","JP","Japan",Mar 2020,0.0128205128205128,0.0167732824730441
"448","JP","Japan",Apr 2020,0.019047619047619,0.0169950378418583
"449","JP","Japan",May 2020,0.0109289617486339,0.0142656978722552
"450","JP","Japan",Jun 2020,0.01,0.0133255269320843
"451","JP","Japan",Jul 2020,0.0151229273870783,0.0120172963785707
"452","JP","Japan",Aug 2020,0.00917431192660556,0.0114324131045613
"453","JP","Japan",Sep 2020,0.00588235294117645,0.0100598640849534
"454","JP","Japan",Oct 2020,0.00542009400705068,0.0068255862916109
"455","JP","Japan",Nov 2020,0,0.00376748231607571
"456","JP","Japan",Dec 2020,0,0.00180669800235023
"457","JP","Japan",Jan 2021,0,0
"458","JP","Japan",Feb 2021,0,0
"459","JP","Japan",Mar 2021,0,0
"460","JP","Japan",Apr 2021,0.0085260695187166,0.00284202317290553
"461","JP","Japan",May 2021,0.0121704354695369,0.0068988349960845
"462","JP","Japan",Jun 2021,0.0146484375,0.0117816474960845
"463","JP","Japan",Jul 2021,0.0166177908113392,0.0144788879269587
"464","JP","Japan",Aug 2021,0.0181818181818181,0.0164826821643858
"465","JP","Japan",Sep 2021,0.0209600614439325,0.0185865568123632
"466","JP","Japan",Oct 2021,0.025614450695884,0.0215854434405448
"467","JP","Japan",Nov 2021,0.0256410256410255,0.0240718459269473
"468","JP","Japan",Dec 2021,0.0256410256410255,0.0256321673259784
"469","JP","Japan",Jan 2022,0.0181818181818181,0.0231546231546231
"470","JP","Japan",Feb 2022,0.0168345700396578,0.0202191379541671
"471","JP","Japan",Mar 2022,0.0157894736842106,0.0169352873018955
"472","JP","Japan",Apr 2022,0.0106382978723405,0.0144207805320696
"473","JP","Japan",May 2022,0.00502512562814084,0.010484299061564
"474","JP","Japan",Jun 2022,0.00961538461538458,0.0084262693719553
"475","JP","Japan",Jul 2022,0,0.00488017008117514
"476","JP","Japan",Aug 2022,0.00897148441991491,0.0061956230117665
"477","JP","Japan",Sep 2022,0.00588235294117645,0.00495127912036379
"478","JP","Japan",Oct 2022,0,0.00495127912036379
"479","JP","Japan",Nov 2022,0,0.00196078431372548
"480","JP","Japan",Dec 2022,0,0
"481","JP","Japan",Jan 2023,0.00334448160535117,0.00111482720178372
"482","JP","Japan",Feb 2023,0.00200400801603196,0.00178282987379437
"483","JP","Japan",Mar 2023,0.0126470588235295,0.00599851614830419
"484","JP","Japan",Apr 2023,0.0194015126603091,0.0113508598332902
"485","JP","Japan",May 2023,0.0296010296010296,0.0205498670282894
"486","JP","Japan",Jun 2023,0.0181818181818181,0.0223947868143856
"487","NL","Netherlands",Jan 2019,0.0198785201546108,NA
"488","NL","Netherlands",Feb 2019,0.02,NA
"489","NL","Netherlands",Mar 2019,0.0201591660711992,0.02001256207527
"490","NL","Netherlands",Apr 2019,0.0235451761102603,0.0212347807271532
"491","NL","Netherlands",May 2019,0.0199827242897815,0.0212290221570803
"492","NL","Netherlands",Jun 2019,0.0252746739115171,0.0229341914371863
"493","NL","Netherlands",Jul 2019,0.0199999809265137,0.0217524597092708
"494","NL","Netherlands",Aug 2019,0.0162424164983226,0.0205056904454511
"495","NL","Netherlands",Sep 2019,0.0256493753569558,0.020630590927264
"496","NL","Netherlands",Oct 2019,0.0239234449760766,0.0219384122771183
"497","NL","Netherlands",Nov 2019,0.0204462430105159,0.0233396877811827
"498","NL","Netherlands",Dec 2019,0.0174693050154804,0.0206129976673576
"499","NL","Netherlands",Jan 2020,0.0199333152058574,0.0192829544106179
"500","NL","Netherlands",Feb 2020,0.0222827146722799,0.0198951116312059
"501","NL","Netherlands",Mar 2020,0.0250405979554097,0.0224188759445157
"502","NL","Netherlands",Apr 2020,0.0161630295525956,0.0211621140600951
"503","NL","Netherlands",May 2020,0.0140845070422535,0.0184293781834196
"504","NL","Netherlands",Jun 2020,0.00940583140993323,0.0132177893349275
"505","NL","Netherlands",Jul 2020,0.00425461440058472,0.00924831761759048
"506","NL","Netherlands",Aug 2020,0.0055979568405301,0.00641946755034935
"507","NL","Netherlands",Sep 2020,0.00444322457105351,0.00476526527072278
"508","NL","Netherlands",Oct 2020,0.0044784274597014,0.00483986962376167
"509","NL","Netherlands",Nov 2020,0.014005266296681,0.00764230610914529
"510","NL","Netherlands",Dec 2020,0.00502601337994113,0.00783656904544117
"511","NL","Netherlands",Jan 2021,0.0130946963951666,0.0107086586905962
"512","NL","Netherlands",Feb 2021,0.00683793170779712,0.00831954716096828
"513","NL","Netherlands",Mar 2021,0,0.00664420936765457
"514","NL","Netherlands",Apr 2021,0.00900900900900892,0.00528231357226868
"515","NL","Netherlands",May 2021,0.00877192982456143,0.00592697961119012
"516","NL","Netherlands",Jun 2021,0.0136899747262005,0.0104903045199236
"517","NL","Netherlands",Jul 2021,0.01932692527771,0.013929609942824
"518","NL","Netherlands",Aug 2021,0.0292232683711713,0.0207467227916939
"519","NL","Netherlands",Sep 2021,0.0272321428571429,0.0252607788353414
"520","NL","Netherlands",Oct 2021,0.0202358276670735,0.0255637462984626
"521","NL","Netherlands",Nov 2021,0.0210951526032317,0.0228543743758161
"522","NL","Netherlands",Dec 2021,0.0255987914322591,0.0223099239008548
"523","NL","Netherlands",Jan 2022,0.0208333333333333,0.0225090924562747
"524","NL","Netherlands",Feb 2022,0.0249999999999999,0.0238107082551974
"525","NL","Netherlands",Mar 2022,0.0335000000000001,0.0264444444444444
"526","NL","Netherlands",Apr 2022,0.0330498033916957,0.0305166011305652
"527","NL","Netherlands",May 2022,0.0456562745443598,0.0374020259786852
"528","NL","Netherlands",Jun 2022,0.0441176470588236,0.0409412416649597
"529","NL","Netherlands",Jul 2022,0.0434782608695652,0.0444173941575829
"530","NL","Netherlands",Aug 2022,0.0384615384615385,0.0420191487966424
"531","NL","Netherlands",Sep 2022,0.0409898969762835,0.0409765654357958
"532","NL","Netherlands",Oct 2022,0.0339622305397815,0.0378045553258679
"533","NL","Netherlands",Nov 2022,0.0347619047619048,0.0365713440926566
"534","NL","Netherlands",Dec 2022,0.0403325123152709,0.0363522158723191
"535","NL","Netherlands",Jan 2023,0.0473790868915868,0.0408245013229208
"536","NL","Netherlands",Feb 2023,0.0526315789473684,0.046781059384742
"537","NL","Netherlands",Mar 2023,0.0471680932434893,0.0490595863608148
"538","NL","Netherlands",Apr 2023,0.0545454545454545,0.0514483755787707
"539","NL","Netherlands",May 2023,0.0494624504076724,0.050391999398872
"540","NL","Netherlands",Jun 2023,0.0438504926198586,0.0492861325243285
"541","US","US",Jan 2019,0.032258064516129,NA
"542","US","US",Feb 2019,0.0344827586206897,NA
"543","US","US",Mar 2019,0.037037037037037,0.0345926200579519
"544","US","US",Apr 2019,0.0340909090909092,0.0352035682495453
"545","US","US",May 2019,0.0333333333333334,0.0348204264870932
"546","US","US",Jun 2019,0.0333333333333334,0.0335858585858587
"547","US","US",Jul 2019,0.0297029702970297,0.0321232123212322
"548","US","US",Aug 2019,0.0344827586206897,0.0325063540836843
"549","US","US",Sep 2019,0.0266666666666666,0.030284131861462
"550","US","US",Oct 2019,0.0275171738050869,0.0295555330308144
"551","US","US",Nov 2019,0.0272105263157896,0.0271314555958477
"552","US","US",Dec 2019,0.0222222222222221,0.0256499741143662
"553","US","US",Jan 2020,0.0235294117647058,0.0243207201009058
"554","US","US",Feb 2020,0.0250816115493016,0.0236110818454098
"555","US","US",Mar 2020,0.031079098305989,0.0265633738733321
"556","US","US",Apr 2020,0.032258064516129,0.0294729247904732
"557","US","US",May 2020,0.0191082802547771,0.027481814358965
"558","US","US",Jun 2020,0.0180533540201309,0.0231398995970123
"559","US","US",Jul 2020,0.0237880144819509,0.0203165495856196
"560","US","US",Aug 2020,0.0256410256410255,0.0224941313810358
"561","US","US",Sep 2020,0.0294117647058822,0.0262802682762862
"562","US","US",Oct 2020,0.0333333333333334,0.0294620412267471
"563","US","US",Nov 2020,0.0323382676318731,0.0316944552236963
"564","US","US",Dec 2020,0.0357142857142858,0.0337952955598308
"565","US","US",Jan 2021,0.04,0.036017517782053
"566","US","US",Feb 2021,0.0454545454545454,0.0403896103896104
"567","US","US",Mar 2021,0.0434782608695652,0.0429776021080369
"568","US","US",Apr 2021,0.05,0.0463109354413702
"569","US","US",May 2021,0.0769230769230769,0.0568004459308807
"570","US","US",Jun 2021,0.0769230769230769,0.0679487179487179
"571","US","US",Jul 2021,0.0800000000000001,0.0779487179487179
"572","US","US",Aug 2021,0.0833333333333333,0.0800854700854701
"573","US","US",Sep 2021,0.0857603764204385,0.0830312365845906
"574","US","US",Oct 2021,0.0909090909090908,0.0866676002209542
"575","US","US",Nov 2021,0.0944444515086986,0.0903713062794093
"576","US","US",Dec 2021,0.0909090909090908,0.0920875444422934
"577","US","US",Jan 2022,0.0925925925925926,0.0926487116701273
"578","US","US",Feb 2022,0.0902173830115276,0.091239688837737
"579","US","US",Mar 2022,0.0913911358799795,0.0914003704946999
"580","US","US",Apr 2022,0.0902771842862433,0.0906285677259168
"581","US","US",May 2022,0.0833333333333333,0.088333884499852
"582","US","US",Jun 2022,0.0800000000000001,0.0845368392065255
"583","US","US",Jul 2022,0.0769230769230769,0.0800854700854701
"584","US","US",Aug 2022,0.075268817204301,0.0773972980424593
"585","US","US",Sep 2022,0.0689998398636605,0.0737305779970128
"586","US","US",Oct 2022,0.0659492132192518,0.0700726234290711
"587","US","US",Nov 2022,0.0625,0.0658163510276375
"588","US","US",Dec 2022,0.0625,0.0636497377397506
"589","US","US",Jan 2023,0.0612244897959184,0.0620748299319728
"590","US","US",Feb 2023,0.0625,0.0620748299319728
"591","US","US",Mar 2023,0.0579710202158871,0.0605651700039352
"592","US","US",Apr 2023,0.0526315789473684,0.0577008663877518
"593","US","US",May 2023,0.0515873015873016,0.0540633002501857
"594","US","US",Jun 2023,0.0482873142457431,0.0508353982601377
"595","EA","Euro Area",Jan 2019,0.019056900833752,NA
"596","EA","Euro Area",Feb 2019,0.0268145303471926,NA
"597","EA","Euro Area",Mar 2019,0.0216928193319116,0.0225214168376188
"598","EA","Euro Area",Apr 2019,0.0193235539852346,0.0226103012214463
"599","EA","Euro Area",May 2019,0.0246470721208552,0.0218878151460005
"600","EA","Euro Area",Jun 2019,0.0275069896569746,0.0238258719210215
"601","EA","Euro Area",Jul 2019,0.0197040790690799,0.0239527136156366
"602","EA","Euro Area",Aug 2019,0.0253675827213511,0.0241928838158019
"603","EA","Euro Area",Sep 2019,0.0158018534977243,0.0202911717627184
"604","EA","Euro Area",Oct 2019,0.0220282531814473,0.0210658964668409
"605","EA","Euro Area",Nov 2019,0.0228956569106252,0.0202419211965989
"606","EA","Euro Area",Dec 2019,0.00978459798216585,0.0182361693580795
"607","EA","Euro Area",Jan 2020,0.0122128279751427,0.0149643609559779
"608","EA","Euro Area",Feb 2020,0.01680873265831,0.0129353862052062
"609","EA","Euro Area",Mar 2020,0.0190812516546055,0.0160342707626861
"610","EA","Euro Area",Apr 2020,0.0289965318348893,0.0216288387159349
"611","EA","Euro Area",May 2020,0.0174300274823481,0.0218359369906143
"612","EA","Euro Area",Jun 2020,0.014234629661178,0.0202203963261385
"613","EA","Euro Area",Jul 2020,0.0108224861725806,0.0141623811053689
"614","EA","Euro Area",Aug 2020,0.0132362038905888,0.0127644399081158
"615","EA","Euro Area",Sep 2020,0.00956781249311285,0.0112088341854274
"616","EA","Euro Area",Oct 2020,0.0105941210587686,0.0111327124808234
"617","EA","Euro Area",Nov 2020,0.0126469607687899,0.0109362981068905
"618","EA","Euro Area",Dec 2020,0.00881245241107842,0.010684511412879
"619","EA","Euro Area",Jan 2021,0.0160274932267347,0.0124956354688677
"620","EA","Euro Area",Feb 2021,0.0130370175278454,0.0126256543885529
"621","EA","Euro Area",Mar 2021,0.00922137929134502,0.0127619633486417
"622","EA","Euro Area",Apr 2021,0.0112213462432419,0.0111599143541441
"623","EA","Euro Area",May 2021,0.0147047235146314,0.0117158163497394
"624","EA","Euro Area",Jun 2021,0.0210167124867606,0.0156475940815446
"625","EA","Euro Area",Jul 2021,0.0238636673124119,0.0198617011046013
"626","EA","Euro Area",Aug 2021,0.0167971067585025,0.0205591621858917
"627","EA","Euro Area",Sep 2021,0.0250347428538146,0.0218985056415763
"628","EA","Euro Area",Oct 2021,0.0291445033775761,0.0236587843299644
"629","EA","Euro Area",Nov 2021,0.0251045530564491,0.0264279330959466
"630","EA","Euro Area",Dec 2021,0.0298062730966079,0.0280184431768777
"631","EA","Euro Area",Jan 2022,0.0317260459251855,0.0288789573594141
"632","EA","Euro Area",Feb 2022,0.0293500644449036,0.0302941278222323
"633","EA","Euro Area",Mar 2022,0.0310575211006997,0.030711210490263
"634","EA","Euro Area",Apr 2022,0.0384140141701785,0.032940533238594
"635","EA","Euro Area",May 2022,0.0398802200073431,0.0364505850927405
"636","EA","Euro Area",Jun 2022,0.0502959248068127,0.0428633863281115
"637","EA","Euro Area",Jul 2022,0.0424775194766217,0.0442178880969259
"638","EA","Euro Area",Aug 2022,0.0506604114313963,0.0478112852382769
"639","EA","Euro Area",Sep 2022,0.0531900523696118,0.0487759944258766
"640","EA","Euro Area",Oct 2022,0.0503663959434903,0.0514056199148328
"641","EA","Euro Area",Nov 2022,0.046529873432071,0.0500287739150577
"642","EA","Euro Area",Dec 2022,0.0481286298220055,0.0483416330658556
"643","EA","Euro Area",Jan 2023,0.0462636836339531,0.0469740622960099
"644","EA","Euro Area",Feb 2023,0.0472685832921557,0.0472202989160381
"645","EA","Euro Area",Mar 2023,0.0487938604051325,0.0474420424437471
"646","EA","Euro Area",Apr 2023,0.0496969619141954,0.0485864685371612
"647","EA","Euro Area",May 2023,0.0451609401587817,0.0478839208260365
"648","EA","Euro Area",Jun 2023,0.0447021868718463,0.0465200296482745
