jobcountry,country,month,n_obs,posted_wage_growth_yoy,posted_wage_growth_yoy_3moavg
CA,Canada,Jan-19,33199,0.020206606,NA
CA,Canada,Feb-19,31114,0.020062619,NA
CA,Canada,Mar-19,41474,0.017857143,0.019375456
CA,Canada,Apr-19,39352,0.019353322,0.019091028
CA,Canada,May-19,42923,0.019215375,0.018808613
CA,Canada,Jun-19,38637,0.01749117,0.018686622
CA,Canada,Jul-19,39522,0.017241379,0.017982641
CA,Canada,Aug-19,45444,0.017573883,0.017435477
CA,Canada,Sep-19,37320,0.012658195,0.015824486
CA,Canada,Oct-19,41330,0.014285714,0.014839264
CA,Canada,Nov-19,35488,0.012707359,0.01321709
CA,Canada,Dec-19,23562,0.003944751,0.010312608
CA,Canada,Jan-20,37635,0.013835086,0.010162399
CA,Canada,Feb-20,34734,0.012173402,0.009984413
CA,Canada,Mar-20,26110,0.015625,0.013877829
CA,Canada,Apr-20,16939,0.020075038,0.015957813
CA,Canada,May-20,30226,0.015336481,0.017012173
CA,Canada,Jun-20,38034,0.007834816,0.014415445
CA,Canada,Jul-20,44746,0.014705882,0.012625726
CA,Canada,Aug-20,44551,0.013659583,0.01206676
CA,Canada,Sep-20,46859,0.01979846,0.016054642
CA,Canada,Oct-20,46479,0.020074076,0.01784404
CA,Canada,Nov-20,40184,0.017857158,0.019243231
CA,Canada,Dec-20,31912,0.020942422,0.019624552
CA,Canada,Jan-21,43855,0.02173913,0.02017957
CA,Canada,Feb-21,48374,0.027424119,0.023368557
CA,Canada,Mar-21,66366,0.019566426,0.022909892
CA,Canada,Apr-21,56076,0.011235955,0.019408833
CA,Canada,May-21,62439,0.025641026,0.018814469
CA,Canada,Jun-21,76572,0.028069298,0.021648759
CA,Canada,Jul-21,77665,0.030120467,0.027943597
CA,Canada,Aug-21,80170,0.031746032,0.029978599
CA,Canada,Sep-21,80894,0.0288,0.030222166
CA,Canada,Oct-21,76082,0.030927835,0.030491289
CA,Canada,Nov-21,69840,0.029089346,0.029605727
CA,Canada,Dec-21,54512,0.032297667,0.030771616
CA,Canada,Jan-22,68437,0.04109589,0.034160968
CA,Canada,Feb-22,79447,0.040568871,0.037987476
CA,Canada,Mar-22,104128,0.045454545,0.042373102
CA,Canada,Apr-22,100649,0.047619048,0.044547488
CA,Canada,May-22,99567,0.047619048,0.046897547
CA,Canada,Jun-22,100502,0.050847458,0.048695184
CA,Canada,Jul-22,92538,0.05,0.049488835
CA,Canada,Aug-22,104159,0.048505,0.049784153
CA,Canada,Sep-22,102835,0.042562424,0.047022475
CA,Canada,Oct-22,88528,0.04236548,0.044477635
CA,Canada,Nov-22,82268,0.043478261,0.042802055
CA,Canada,Dec-22,59151,0.045599694,0.043814478
CA,Canada,Jan-23,79936,0.036363636,0.041813864
CA,Canada,Feb-23,74911,0.0392507,0.040404677
CA,Canada,Mar-23,95275,0.035714286,0.037109541
CA,Canada,Apr-23,86519,0.036172727,0.037045904
CA,Canada,May-23,90367,0.037889836,0.036592283
CA,Canada,Jun-23,85623,0.037864596,0.037309053
CA,Canada,Jul-23,75476,0.032563966,0.036106132
CA,Canada,Aug-23,87674,0.036745422,0.035724661
CA,Canada,Sep-23,80427,0.036144578,0.035151322
CA,Canada,Oct-23,70175,0.04053268,0.03780756
CA,Canada,Nov-23,68955,0.0375,0.038059086
CA,Canada,Dec-23,48730,0.032114488,0.036715723
CA,Canada,Jan-24,73286,0.036764706,0.035459731
CA,Canada,Feb-24,69713,0.032893866,0.033924353
CA,Canada,Mar-24,76897,0.035150047,0.034936206
CA,Canada,Apr-24,76803,0.033333333,0.033792415
CA,Canada,May-24,82103,0.0319571,0.03348016
CA,Canada,Jun-24,73707,0.028985507,0.031425313
CA,Canada,Jul-24,73265,0.03525092,0.032064509
CA,Canada,Aug-24,83790,0.034482759,0.032906395
CA,Canada,Sep-24,73344,0.030528429,0.033420703
CA,Canada,Oct-24,70470,0.030003258,0.031671482
CA,Canada,Nov-24,59440,0.032254044,0.030928577
CA,Canada,Dec-24,42771,0.029939047,0.030732116
CA,Canada,Jan-25,72282,0.030769231,0.030987441
CA,Canada,Feb-25,64982,0.031114326,0.030607534
CA,Canada,Mar-25,75191,0.028571429,0.030151662
CA,Canada,Apr-25,72607,0.026573929,0.028753228
CA,Canada,May-25,73774,0.029019608,0.028054989
CA,Canada,Jun-25,64459,0.026995305,0.027529614
CA,Canada,Jul-25,68029,0.025,0.027004971
CA,Canada,Aug-25,73326,0.025641026,0.025878777
CA,Canada,Sep-25,67862,0.025762232,0.025467752
CA,Canada,Oct-25,70289,0.023622047,0.025008435
CA,Canada,Nov-25,60190,0.025,0.02479476
CA,Canada,Dec-25,47476,0.025056566,0.024559538
CA,Canada,Jan-26,77356,0.021225499,0.023760688
CA,Canada,Feb-26,70378,0.022629911,0.022970658
CA,Canada,Mar-26,79654,0.025061635,0.022972348
CA,Canada,Apr-26,83684,0.025258945,0.02431683
CA,Canada,May-26,84721,0.025363636,0.025228072
CA,Canada,Jun-26,78397,0.024397919,0.025006834
DE,Germany,Jan-19,2916,0.022233202,NA
DE,Germany,Feb-19,2751,0.064436407,NA
DE,Germany,Mar-19,3288,0.038926682,0.04186543
DE,Germany,Apr-19,3090,0.080128205,0.061163764
DE,Germany,May-19,3209,0.05,0.056351629
DE,Germany,Jun-19,3497,0.05267802,0.060935409
DE,Germany,Jul-19,4614,0.04,0.04755934
DE,Germany,Aug-19,4532,0.022603018,0.038427013
DE,Germany,Sep-19,3849,0.023255814,0.028619611
DE,Germany,Oct-19,5305,0.037037037,0.027631956
DE,Germany,Nov-19,6271,0.04622871,0.035507187
DE,Germany,Dec-19,4114,0.04,0.041088582
DE,Germany,Jan-20,6416,0.027027027,0.037751912
DE,Germany,Feb-20,6140,0.030750012,0.032592346
DE,Germany,Mar-20,4597,0.032222222,0.029999754
DE,Germany,Apr-20,3672,0.016191879,0.026388038
DE,Germany,May-20,4335,0,0.016138034
DE,Germany,Jun-20,6403,0.007142839,0.007778239
DE,Germany,Jul-20,8322,0,0.002380946
DE,Germany,Aug-20,6099,0,0.002380946
DE,Germany,Sep-20,7399,0,0
DE,Germany,Oct-20,6583,0,0
DE,Germany,Nov-20,6295,0,0
DE,Germany,Dec-20,5086,0,0
DE,Germany,Jan-21,6224,0.016064508,0.005354836
DE,Germany,Feb-21,6903,0.017418335,0.011160948
DE,Germany,Mar-21,8877,0.0078125,0.013765115
DE,Germany,Apr-21,7787,0,0.008410278
DE,Germany,May-21,9258,0.015724602,0.007845701
DE,Germany,Jun-21,11285,0.033915168,0.01654659
DE,Germany,Jul-21,13090,0.038338658,0.029326143
DE,Germany,Aug-21,13035,0.027363184,0.03320567
DE,Germany,Sep-21,14323,0.032362828,0.032688223
DE,Germany,Oct-21,15210,0.03789745,0.032541154
DE,Germany,Nov-21,15555,0.042857143,0.037705807
DE,Germany,Dec-21,14053,0.04180804,0.040854211
DE,Germany,Jan-22,17188,0.043478261,0.042714481
DE,Germany,Feb-22,20178,0.05,0.045095434
DE,Germany,Mar-22,23763,0.050505051,0.047994437
DE,Germany,Apr-22,23057,0.073350072,0.057951707
DE,Germany,May-22,25053,0.066176471,0.063343864
DE,Germany,Jun-22,27668,0.074492562,0.071339701
DE,Germany,Jul-22,29719,0.071428571,0.070699201
DE,Germany,Aug-22,28066,0.052631589,0.066184241
DE,Germany,Sep-22,29883,0.0875,0.070520053
DE,Germany,Oct-22,33385,0.081243523,0.073791704
DE,Germany,Nov-22,35898,0.071428571,0.080057365
DE,Germany,Dec-22,35859,0.076923077,0.076531724
DE,Germany,Jan-23,40234,0.066666667,0.071672772
DE,Germany,Feb-23,36443,0.065281793,0.069623846
DE,Germany,Mar-23,44025,0.068278943,0.066742468
DE,Germany,Apr-23,36850,0.060606061,0.064722266
DE,Germany,May-23,40955,0.059885711,0.062923572
DE,Germany,Jun-23,47762,0.06122449,0.060572087
DE,Germany,Jul-23,48735,0.047008923,0.056039708
DE,Germany,Aug-23,52862,0.051282051,0.053171821
DE,Germany,Sep-23,51950,0.03984127,0.046044081
DE,Germany,Oct-23,41916,0.040359467,0.043827596
DE,Germany,Nov-23,40280,0.035087719,0.038429485
DE,Germany,Dec-23,36242,0.034166676,0.036537954
DE,Germany,Jan-24,42505,0.040192311,0.036482236
DE,Germany,Feb-24,42050,0.04,0.038119662
DE,Germany,Mar-24,44974,0.038461538,0.039551283
DE,Germany,Apr-24,41874,0.035714286,0.038058608
DE,Germany,May-24,34973,0.034999984,0.036391936
DE,Germany,Jun-24,28270,0.03529414,0.035336136
DE,Germany,Jul-24,30450,0.045454545,0.03858289
DE,Germany,Aug-24,29321,0.04,0.040249562
DE,Germany,Sep-24,29421,0.044256755,0.0432371
DE,Germany,Oct-24,28491,0.035057043,0.039771266
DE,Germany,Nov-24,27252,0.031746032,0.037019943
DE,Germany,Dec-24,21899,0.023809524,0.0302042
DE,Germany,Jan-25,29049,0.027027027,0.027527528
DE,Germany,Feb-25,26521,0.027126313,0.025987621
DE,Germany,Mar-25,27388,0.02804878,0.027400707
DE,Germany,Apr-25,25080,0.034850158,0.030008417
DE,Germany,May-25,25485,0.03248,0.031792979
DE,Germany,Jun-25,21178,0.028169014,0.031833057
DE,Germany,Jul-25,32054,0.03125,0.030633005
DE,Germany,Aug-25,35271,0.031384318,0.030267777
DE,Germany,Sep-25,33560,0.03104167,0.031225329
DE,Germany,Oct-25,37267,0.034482759,0.032302915
DE,Germany,Nov-25,26171,0.033571429,0.033031952
DE,Germany,Dec-25,22104,0.035714286,0.034589491
DE,Germany,Jan-26,25365,0.036269437,0.03518505
DE,Germany,Feb-26,22501,0.035656496,0.035880073
DE,Germany,Mar-26,24178,0.03125,0.034391977
DE,Germany,Apr-26,24144,0.023457845,0.030121447
DE,Germany,May-26,23746,0.029658631,0.028122159
DE,Germany,Jun-26,22591,0.02954732,0.027554599
EA,Euro Area,Jan-19,24848,0.020266979,NA
EA,Euro Area,Feb-19,25136,0.029485538,NA
EA,Euro Area,Mar-19,31674,0.028297221,0.026016579
EA,Euro Area,Apr-19,29568,0.042245098,0.033342619
EA,Euro Area,May-19,34246,0.030324559,0.033622293
EA,Euro Area,Jun-19,36516,0.028998877,0.033856178
EA,Euro Area,Jul-19,39961,0.016256875,0.025193437
EA,Euro Area,Aug-19,42491,0.019315737,0.02152383
EA,Euro Area,Sep-19,42029,0.018645403,0.018072672
EA,Euro Area,Oct-19,49488,0.023392351,0.020451163
EA,Euro Area,Nov-19,46902,0.023495595,0.021844449
EA,Euro Area,Dec-19,42506,0.014927263,0.02060507
EA,Euro Area,Jan-20,56090,0.026733234,0.021718697
EA,Euro Area,Feb-20,52125,0.024021428,0.021893975
EA,Euro Area,Mar-20,36867,0.022501677,0.02441878
EA,Euro Area,Apr-20,18483,0.031479805,0.02600097
EA,Euro Area,May-20,34177,0.023397787,0.02579309
EA,Euro Area,Jun-20,46114,0.009615463,0.021497685
EA,Euro Area,Jul-20,56965,0.00816009,0.013724447
EA,Euro Area,Aug-20,48046,0.013197685,0.010324413
EA,Euro Area,Sep-20,59643,0.007794581,0.009717452
EA,Euro Area,Oct-20,57448,0.005073822,0.008688696
EA,Euro Area,Nov-20,48566,0.015808033,0.009558812
EA,Euro Area,Dec-20,46043,0.0083676070000000009,0.009749821
EA,Euro Area,Jan-21,51140,0.011674085,0.011949908
EA,Euro Area,Feb-21,54290,0.006409094,0.008816928
EA,Euro Area,Mar-21,66315,-7.28626e-4,0.005784851
EA,Euro Area,Apr-21,59712,-0.002891231,9.29746e-4
EA,Euro Area,May-21,78126,0.011557982,0.002646042
EA,Euro Area,Jun-21,96560,0.02243708,0.010367944
EA,Euro Area,Jul-21,94992,0.033129068,0.02237471
EA,Euro Area,Aug-21,75586,0.021010877,0.025525675
EA,Euro Area,Sep-21,101554,0.025679904,0.026606616
EA,Euro Area,Oct-21,100728,0.021633349,0.02277471
EA,Euro Area,Nov-21,89116,0.025964056,0.024425769
EA,Euro Area,Dec-21,89892,0.032436293,0.026677899
EA,Euro Area,Jan-22,102471,0.030923379,0.029774576
EA,Euro Area,Feb-22,113143,0.038404611,0.033921428000000003
EA,Euro Area,Mar-22,135879,0.038183205,0.035837065
EA,Euro Area,Apr-22,133198,0.046247631,0.040945149
EA,Euro Area,May-22,132944,0.052442048,0.045624294
EA,Euro Area,Jun-22,149313,0.050209204,0.049632961
EA,Euro Area,Jul-22,147986,0.04803188,0.050227711
EA,Euro Area,Aug-22,134735,0.045207373,0.047816153
EA,Euro Area,Sep-22,175887,0.05785682,0.050365358
EA,Euro Area,Oct-22,160678,0.051794894,0.051619696
EA,Euro Area,Nov-22,168012,0.055368101,0.055006605
EA,Euro Area,Dec-22,186770,0.05451896,0.053893985
EA,Euro Area,Jan-23,173023,0.046445117,0.052110726
EA,Euro Area,Feb-23,166398,0.048901902,0.049955326
EA,Euro Area,Mar-23,204454,0.048561139,0.047969386
EA,Euro Area,Apr-23,183916,0.045957787,0.047806943
EA,Euro Area,May-23,180401,0.044065132,0.046194686
EA,Euro Area,Jun-23,203380,0.043798734,0.044607218
EA,Euro Area,Jul-23,192782,0.040533646,0.042799171
EA,Euro Area,Aug-23,192629,0.038326219,0.0408862
EA,Euro Area,Sep-23,209786,0.036465931,0.038441932
EA,Euro Area,Oct-23,185327,0.03824432,0.037678823
EA,Euro Area,Nov-23,176532,0.035323352,0.036677867
EA,Euro Area,Dec-23,158830,0.035511616,0.036359762
EA,Euro Area,Jan-24,166611,0.037337535,0.036057501
EA,Euro Area,Feb-24,175004,0.043313605,0.038720918
EA,Euro Area,Mar-24,176602,0.037491055,0.039380732
EA,Euro Area,Apr-24,162972,0.036789492,0.03919805
EA,Euro Area,May-24,151230,0.0311738,0.035151449
EA,Euro Area,Jun-24,149445,0.036552081,0.034838457
EA,Euro Area,Jul-24,148067,0.03951478,0.035746887
EA,Euro Area,Aug-24,136435,0.039095748,0.038387537
EA,Euro Area,Sep-24,148326,0.038934248,0.039181592
EA,Euro Area,Oct-24,144644,0.035065655,0.03769855
EA,Euro Area,Nov-24,128804,0.035591063,0.036530322
EA,Euro Area,Dec-24,104811,0.031815696,0.034157471
EA,Euro Area,Jan-25,140558,0.025141838,0.030849532
EA,Euro Area,Feb-25,125236,0.025697929,0.027551821
EA,Euro Area,Mar-25,138247,0.028832159,0.026557309
EA,Euro Area,Apr-25,130684,0.028840573,0.02779022
EA,Euro Area,May-25,127485,0.025131351,0.027601361
EA,Euro Area,Jun-25,116981,0.023387426,0.02578645
EA,Euro Area,Jul-25,135554,0.024103319,0.024207365
EA,Euro Area,Aug-25,124680,0.023991601,0.023827449
EA,Euro Area,Sep-25,133421,0.030100569,0.026065163
EA,Euro Area,Oct-25,137914,0.023445791,0.025845987
EA,Euro Area,Nov-25,111388,0.022532475,0.025359611
EA,Euro Area,Dec-25,95354,0.024102188,0.023360151
EA,Euro Area,Jan-26,126009,0.024540563,0.023725075
EA,Euro Area,Feb-26,110797,0.02500017,0.02454764
EA,Euro Area,Mar-26,114201,0.020703397,0.02341471
EA,Euro Area,Apr-26,104930,0.020613687,0.022105752
EA,Euro Area,May-26,103606,0.027995026,0.023104037
EA,Euro Area,Jun-26,121753,0.027563194,0.025390636
ES,Spain,Jan-19,1493,0,NA
ES,Spain,Feb-19,1550,0.019607843,NA
ES,Spain,Mar-19,1926,0.025641026,0.015082956
ES,Spain,Apr-19,1573,0.025320513,0.023523127
ES,Spain,May-19,2226,0.04,0.030320513
ES,Spain,Jun-19,2273,0.025673971,0.030331494
ES,Spain,Jul-19,2273,0.052631579,0.039435183
ES,Spain,Aug-19,1324,0.041381279,0.039895609
ES,Spain,Sep-19,1789,0.033908046,0.042640301
ES,Spain,Oct-19,2054,0.028888889,0.034726071
ES,Spain,Nov-19,1861,0.010989011,0.024595315
ES,Spain,Dec-19,1266,0.017261905,0.019046602
ES,Spain,Jan-20,1691,0.037157143,0.021802686
ES,Spain,Feb-20,1687,0.040212031,0.031543693
ES,Spain,Mar-20,1008,0.040347387,0.039238854
ES,Spain,Apr-20,337,0.045454545,0.042004655
ES,Spain,May-20,467,0.030931122,0.038911018
ES,Spain,Jun-20,653,-0.006018054,0.023455871
ES,Spain,Jul-20,826,0,0.008304356
ES,Spain,Aug-20,496,0.022222222,0.005401389
ES,Spain,Sep-20,805,0.021689449,0.014637224
ES,Spain,Oct-20,656,9.22708e-4,0.014944793
ES,Spain,Nov-20,747,0,0.007537386
ES,Spain,Dec-20,558,-7.48552e-4,5.8052e-5
ES,Spain,Jan-21,677,0.029714622,0.009655356
ES,Spain,Feb-21,748,0.015141114,0.014702394
ES,Spain,Mar-21,767,-0.034166667,0.003563023
ES,Spain,Apr-21,539,-0.031414474,-0.016813342
ES,Spain,May-21,982,0,-0.02186038
ES,Spain,Jun-21,1109,0,-0.010471491
ES,Spain,Jul-21,1234,0.013888889,0.00462963
ES,Spain,Aug-21,761,0,0.00462963
ES,Spain,Sep-21,1254,0,0.00462963
ES,Spain,Oct-21,1116,0,0
ES,Spain,Nov-21,1167,0.007238072,0.002412691
ES,Spain,Dec-21,916,0.013930421,0.007056164
ES,Spain,Jan-22,870,0.027522936,0.016230476
ES,Spain,Feb-22,1218,0.026877897,0.022777085
ES,Spain,Mar-22,1719,0.057318975,0.037239936
ES,Spain,Apr-22,1607,0.02444842,0.036215097
ES,Spain,May-22,2304,0.072727273,0.051498223
ES,Spain,Jun-22,2465,0.033255614,0.043477102
ES,Spain,Jul-22,2340,0.037639614,0.047874167
ES,Spain,Aug-22,1895,0.041666667,0.037520632
ES,Spain,Sep-22,2598,0.051597014,0.043634432
ES,Spain,Oct-22,2096,0,0.031087894
ES,Spain,Nov-22,2116,0.054545455,0.035380823
ES,Spain,Dec-22,1434,0.050412079,0.034985845
ES,Spain,Jan-23,1501,0.027746212,0.044234582
ES,Spain,Feb-23,1869,0.022829861,0.033662718
ES,Spain,Mar-23,2766,0.023863905,0.024813326
ES,Spain,Apr-23,2474,0.039409804,0.02870119
ES,Spain,May-23,3310,0.049284837,0.037519515
ES,Spain,Jun-23,3321,0.048619197,0.045771279
ES,Spain,Jul-23,2763,0.054054054,0.050652696
ES,Spain,Aug-23,2575,0.046511628,0.049728293
ES,Spain,Sep-23,3274,0.045804196,0.048789959
ES,Spain,Oct-23,2704,0.068181818,0.053499214
ES,Spain,Nov-23,2793,0.05,0.054662005
ES,Spain,Dec-23,1837,0.063348416,0.060510078
ES,Spain,Jan-24,2656,0.034156129,0.049168182
ES,Spain,Feb-24,2713,0.060606061,0.052703535
ES,Spain,Mar-24,2856,0.043478261,0.04608015
ES,Spain,Apr-24,2914,0.037617925,0.047234082
ES,Spain,May-24,3401,0.031498016,0.0375314
ES,Spain,Jun-24,3376,0.038461538,0.03585916
ES,Spain,Jul-24,3030,0.047115021,0.039024859
ES,Spain,Aug-24,2281,0.038597884,0.041391481
ES,Spain,Sep-24,2966,0.045454545,0.043722483
ES,Spain,Oct-24,3367,0.044057884,0.042703438
ES,Spain,Nov-24,2915,0.045454545,0.044988992
ES,Spain,Dec-24,2051,0.053370787,0.047627739
ES,Spain,Jan-25,2692,0.026865672,0.041897001
ES,Spain,Feb-25,2604,0.026321839,0.035519432
ES,Spain,Mar-25,2809,0.034482759,0.029223423
ES,Spain,Apr-25,2799,0.037037037,0.032613878
ES,Spain,May-25,3091,0.024788598,0.032102798
ES,Spain,Jun-25,3043,0.037037037,0.032954224
ES,Spain,Jul-25,3229,0.038298566,0.033374734
ES,Spain,Aug-25,2104,0.030445823,0.035260475
ES,Spain,Sep-25,3043,0.043065693,0.037270027
ES,Spain,Oct-25,3135,0.023809524,0.032440347
ES,Spain,Nov-25,2604,0.03030303,0.032392749
ES,Spain,Dec-25,2013,0.025641026,0.026584527
ES,Spain,Jan-26,2961,0.036765756,0.030903271
ES,Spain,Feb-26,2968,0.032258065,0.031554949
ES,Spain,Mar-26,3406,0.024164572,0.031062797
ES,Spain,Apr-26,2614,0.031374457,0.029265698
ES,Spain,May-26,2849,0.046493149,0.034010726
ES,Spain,Jun-26,3003,0.032967033,0.03694488
FR,France,Jan-19,14781,0.015182147,NA
FR,France,Feb-19,15363,0.015182147,NA
FR,France,Mar-19,20232,0.015182147,0.015182147
FR,France,Apr-19,18575,0.015108754,0.015157683
FR,France,May-19,21526,0.015433237,0.01524138
FR,France,Jun-19,23690,0.015182147,0.01524138
FR,France,Jul-19,25583,0.015182147,0.015265844
FR,France,Aug-19,28123,0.015182147,0.015182147
FR,France,Sep-19,28086,0.015182147,0.015182147
FR,France,Oct-19,31818,0.015503908,0.015289401
FR,France,Nov-19,28546,0.017786592,0.016157549
FR,France,Dec-19,28889,0.015182147,0.016157549
FR,France,Jan-20,38532,0.011825772,0.014931504
FR,France,Feb-20,34178,0.011964097,0.012990672
FR,France,Mar-20,24543,0.011964097,0.011917988
FR,France,Apr-20,10688,0.018919045,0.014282413
FR,France,May-20,24341,0.012820513,0.014567885
FR,France,Jun-20,32501,0.011711919,0.014483826
FR,France,Jul-20,38169,0.011964097,0.01216551
FR,France,Aug-20,33229,0.011964097,0.011880038
FR,France,Sep-20,41092,0.012213355,0.012047183
FR,France,Oct-20,39765,0.015368406,0.013181953
FR,France,Nov-20,30689,0.013216164,0.013599308
FR,France,Dec-20,30944,0.012462612,0.013682394
FR,France,Jan-21,34393,0.013592174,0.013090317
FR,France,Feb-21,34330,0.011818192,0.012624326
FR,France,Mar-21,43352,0.009852255,0.011754207
FR,France,Apr-21,38993,0.00819706,0.009955836
FR,France,May-21,53078,0.009852255,0.009300523
FR,France,Jun-21,66834,0.012113808,0.010054374
FR,France,Jul-21,63376,0.014680448,0.012215504
FR,France,Aug-21,46846,0.012807894,0.013200717
FR,France,Sep-21,67783,0.01962535,0.015704564
FR,France,Oct-21,65623,0.0308,0.021077748
FR,France,Nov-21,53784,0.029487054,0.026637468
FR,France,Dec-21,57966,0.030046297,0.030111117
FR,France,Jan-22,64542,0.032595326,0.030709559
FR,France,Feb-22,68945,0.033333333,0.031991652
FR,France,Mar-22,82794,0.032175032,0.03270123
FR,France,Apr-22,76887,0.035502959,0.033670441
FR,France,May-22,74317,0.050241514,0.039306502
FR,France,Jun-22,86785,0.046708003,0.044150825
FR,France,Jul-22,83193,0.043457537,0.046802351
FR,France,Aug-22,73711,0.058056204,0.049407248
FR,France,Sep-22,109098,0.050080766,0.050531502
FR,France,Oct-22,94309,0.049027384,0.052388118
FR,France,Nov-22,95831,0.050505051,0.049871067
FR,France,Dec-22,121827,0.047292779,0.048941738
FR,France,Jan-23,96950,0.045454545,0.047750792
FR,France,Feb-23,95643,0.047297252,0.046681525
FR,France,Mar-23,114723,0.045112193,0.045954663
FR,France,Apr-23,105738,0.044025157,0.045478201
FR,France,May-23,96898,0.047955333,0.045697561
FR,France,Jun-23,112360,0.046864502,0.046281664
FR,France,Jul-23,105881,0.046814449,0.047211428
FR,France,Aug-23,102812,0.039017282,0.044232078
FR,France,Sep-23,116627,0.038773697,0.041535143
FR,France,Oct-23,104777,0.037769834,0.038520271
FR,France,Nov-23,96896,0.038461538,0.038335023
FR,France,Dec-23,89810,0.037266571,0.037832648
FR,France,Jan-24,85974,0.033717759,0.036481956
FR,France,Feb-24,93442,0.033717759,0.034900696
FR,France,Mar-24,89301,0.033717759,0.033717759
FR,France,Apr-24,81637,0.030755308,0.032730275
FR,France,May-24,75719,0.020833333,0.028435467
FR,France,Jun-24,84386,0.019544646,0.023711096
FR,France,Jul-24,83761,0.02060466,0.020327546
FR,France,Aug-24,76646,0.020408163,0.020185823
FR,France,Sep-24,85447,0.016747409,0.019253411
FR,France,Oct-24,78673,0.017722339,0.018292637
FR,France,Nov-24,66082,0.021206069,0.018558606
FR,France,Dec-24,55237,0.022532235,0.020486881
FR,France,Jan-25,75106,0.01605764,0.019931981
FR,France,Feb-25,63313,0.019166668,0.019252181
FR,France,Mar-25,73424,0.016216216,0.017146841
FR,France,Apr-25,67460,0.019141861,0.018174915
FR,France,May-25,62122,0.019285102,0.018214393
FR,France,Jun-25,60858,0.016666667,0.018364543
FR,France,Jul-25,65554,0.016673438,0.017541736
FR,France,Aug-25,57392,0.018435616,0.017258574
FR,France,Sep-25,60801,0.019607843,0.018238966
FR,France,Oct-25,58353,0.017666386,0.018569948
FR,France,Nov-25,47983,0.011784541,0.016352923
FR,France,Dec-25,42552,0.009584408,0.013011778
FR,France,Jan-26,58082,0.01180301,0.01105732
FR,France,Feb-26,46764,0.010989018,0.010792145
FR,France,Mar-26,43197,0.011773298,0.011521775
FR,France,Apr-26,41375,0.011784541,0.011515619
FR,France,May-26,40199,0.011784541,0.011780793
FR,France,Jun-26,58172,0.018428873,0.013999318
GB,United Kingdom,Jan-19,70662,0.050699449,NA
GB,United Kingdom,Feb-19,63942,0.055555556,NA
GB,United Kingdom,Mar-19,79149,0.051282147,0.052512384
GB,United Kingdom,Apr-19,80129,0.044117647,0.05031845
GB,United Kingdom,May-19,92788,0.043478261,0.046292685
GB,United Kingdom,Jun-19,91016,0.040239173,0.042611694
GB,United Kingdom,Jul-19,99955,0.037895928,0.040537787
GB,United Kingdom,Aug-19,101525,0.038990075,0.039041725
GB,United Kingdom,Sep-19,93380,0.039999989,0.038961997
GB,United Kingdom,Oct-19,108684,0.034666419,0.037885494
GB,United Kingdom,Nov-19,97501,0.035501133,0.036722514
GB,United Kingdom,Dec-19,63305,0.037037037,0.035734863
GB,United Kingdom,Jan-20,102093,0.011882381,0.028140184
GB,United Kingdom,Feb-20,94395,0.014103202,0.02100754
GB,United Kingdom,Mar-20,69220,0.024519431,0.016835005
GB,United Kingdom,Apr-20,31879,0.043715857,0.027446163
GB,United Kingdom,May-20,39368,0.040404319,0.036213202
GB,United Kingdom,Jun-20,50195,0.033934252,0.039351476
GB,United Kingdom,Jul-20,67526,0.032516025,0.035618199
GB,United Kingdom,Aug-20,70433,0.03315,0.033200093
GB,United Kingdom,Sep-20,76713,0.033984983,0.033217003
GB,United Kingdom,Oct-20,83641,0.036018007,0.03438433
GB,United Kingdom,Nov-20,69038,0.033353439,0.034452143
GB,United Kingdom,Dec-20,62481,0.033985526,0.034452324
GB,United Kingdom,Jan-21,73027,0.037277778,0.034872248
GB,United Kingdom,Feb-21,78213,0.036929639,0.036064314
GB,United Kingdom,Mar-21,107555,0.030397276,0.034868231
GB,United Kingdom,Apr-21,92946,0.00614,0.024488972
GB,United Kingdom,May-21,124541,0.014747597,0.017094958
GB,United Kingdom,Jun-21,145699,0.021210124,0.014032574
GB,United Kingdom,Jul-21,165494,0.027027027,0.020994916
GB,United Kingdom,Aug-21,161825,0.030110935,0.026116029
GB,United Kingdom,Sep-21,187731,0.032037773,0.029725245
GB,United Kingdom,Oct-21,191134,0.031911374,0.031353361
GB,United Kingdom,Nov-21,175782,0.034460751,0.032803299
GB,United Kingdom,Dec-21,140023,0.034761287,0.033711137
GB,United Kingdom,Jan-22,180876,0.037735849,0.035652629
GB,United Kingdom,Feb-22,191373,0.040002043,0.037499726
GB,United Kingdom,Mar-22,236928,0.04967128,0.042469724
GB,United Kingdom,Apr-22,205670,0.064516129,0.051396484
GB,United Kingdom,May-22,219504,0.066217751,0.060135053
GB,United Kingdom,Jun-22,206979,0.064026154,0.064920011
GB,United Kingdom,Jul-22,221920,0.061479335,0.063907747
GB,United Kingdom,Aug-22,217494,0.065172432,0.063559307
GB,United Kingdom,Sep-22,224903,0.0625,0.063050589
GB,United Kingdom,Oct-22,214481,0.064285714,0.063986049
GB,United Kingdom,Nov-22,202888,0.061333333,0.062706349
GB,United Kingdom,Dec-22,141336,0.063467798,0.063028948
GB,United Kingdom,Jan-23,185285,0.061987676,0.062262936
GB,United Kingdom,Feb-23,172682,0.061681303,0.062378926
GB,United Kingdom,Mar-23,203523,0.066363595,0.063344191
GB,United Kingdom,Apr-23,156660,0.074074074,0.067372991
GB,United Kingdom,May-23,167022,0.075388018,0.071941895
GB,United Kingdom,Jun-23,172163,0.076741541,0.075401211
GB,United Kingdom,Jul-23,172804,0.07708238,0.076403979
GB,United Kingdom,Aug-23,173787,0.071229923,0.075017948
GB,United Kingdom,Sep-23,171353,0.06997854,0.072763614
GB,United Kingdom,Oct-23,164745,0.065752281,0.068986915
GB,United Kingdom,Nov-23,155415,0.063855758,0.06652886
GB,United Kingdom,Dec-23,108895,0.065254044,0.064954028
GB,United Kingdom,Jan-24,155366,0.064754444,0.064621415
GB,United Kingdom,Feb-24,149004,0.063829787,0.064612759
GB,United Kingdom,Mar-24,159061,0.065743519,0.064775917
GB,United Kingdom,Apr-24,128229,0.07142859,0.067000632
GB,United Kingdom,May-24,138133,0.066666667,0.067946258
GB,United Kingdom,Jun-24,134444,0.069158858,0.069084705
GB,United Kingdom,Jul-24,136997,0.064166667,0.066664064
GB,United Kingdom,Aug-24,137434,0.066518001,0.066614509
GB,United Kingdom,Sep-24,131559,0.067743383,0.066142684
GB,United Kingdom,Oct-24,135643,0.063747486,0.066002957
GB,United Kingdom,Nov-24,120070,0.06122449,0.064238453
GB,United Kingdom,Dec-24,81412,0.058899123,0.061290366
GB,United Kingdom,Jan-25,128069,0.059405941,0.059843184
GB,United Kingdom,Feb-25,117361,0.055944088,0.05808305
GB,United Kingdom,Mar-25,122924,0.055010478,0.056786836
GB,United Kingdom,Apr-25,103457,0.053571429,0.054841998
GB,United Kingdom,May-25,106242,0.05499295,0.054524952
GB,United Kingdom,Jun-25,97544,0.053259148,0.053941175
GB,United Kingdom,Jul-25,114263,0.052586176,0.053612758
GB,United Kingdom,Aug-25,104050,0.049963414,0.051936246
GB,United Kingdom,Sep-25,100725,0.050769219,0.05110627
GB,United Kingdom,Oct-25,114879,0.048433517,0.04972205
GB,United Kingdom,Nov-25,97218,0.045,0.048067579
GB,United Kingdom,Dec-25,67890,0.040960076,0.044797864
GB,United Kingdom,Jan-26,95375,0.041666667,0.042542248
GB,United Kingdom,Feb-26,86139,0.04022328,0.040950008
GB,United Kingdom,Mar-26,95453,0.040007927,0.040632625
GB,United Kingdom,Apr-26,90945,0.040006357,0.040079188
GB,United Kingdom,May-26,91441,0.039688371,0.039900885
GB,United Kingdom,Jun-26,87171,0.037735849,0.039143526
IE,Ireland,Jan-19,1012,0.026663674,NA
IE,Ireland,Feb-19,996,0.025641026,NA
IE,Ireland,Mar-19,1055,0.025909518,0.026071406
IE,Ireland,Apr-19,1080,0.037372221,0.029640921
IE,Ireland,May-19,1261,0.029032755,0.030771498
IE,Ireland,Jun-19,1064,0.038278421,0.034894466
IE,Ireland,Jul-19,1102,0.033324612000000003,0.033545262
IE,Ireland,Aug-19,1385,0.002299189,0.024634074
IE,Ireland,Sep-19,1366,0.024183992,0.019935931
IE,Ireland,Oct-19,1649,0.019999981,0.015494387
IE,Ireland,Nov-19,1654,0.011374494,0.018519489
IE,Ireland,Dec-19,813,0,0.010458158
IE,Ireland,Jan-20,1767,0.028571447,0.013315314
IE,Ireland,Feb-20,1467,0.016139153,0.014903533
IE,Ireland,Mar-20,1001,0.02970297,0.024804523
IE,Ireland,Apr-20,503,0.027030825,0.024290983
IE,Ireland,May-20,677,0.05,0.035577932
IE,Ireland,Jun-20,934,0.018181818,0.031737548
IE,Ireland,Jul-20,1330,0.024948379,0.031043399
IE,Ireland,Aug-20,1572,0.008629727,0.017253308
IE,Ireland,Sep-20,1855,0.014492754,0.01602362
IE,Ireland,Oct-20,1646,0.037037037,0.020053172
IE,Ireland,Nov-20,1803,0.017700501,0.023076764
IE,Ireland,Dec-20,1418,0.020299479,0.025012339
IE,Ireland,Jan-21,1622,0.030307505,0.022769162
IE,Ireland,Feb-21,1552,0.019489563,0.023365516
IE,Ireland,Mar-21,1707,0.007065251,0.018954106
IE,Ireland,Apr-21,1578,3.4091e-5,0.008862968
IE,Ireland,May-21,2610,0.015384615,0.007494652
IE,Ireland,Jun-21,3454,0,0.005139569
IE,Ireland,Jul-21,4155,0.002863702,0.006082773
IE,Ireland,Aug-21,4592,0.021327129,0.008063611
IE,Ireland,Sep-21,5751,0.04,0.021396944
IE,Ireland,Oct-21,4870,0.028324547,0.029883892
IE,Ireland,Nov-21,4884,0.041630935,0.036651827
IE,Ireland,Dec-21,3127,0.037306435,0.035753972
IE,Ireland,Jan-22,4604,0.037037037,0.038658135
IE,Ireland,Feb-22,5509,0.048776492,0.041039988
IE,Ireland,Mar-22,6129,0.047727281,0.044513604
IE,Ireland,Apr-22,6066,0.047431868,0.047978547
IE,Ireland,May-22,6618,0.063829787,0.052996312
IE,Ireland,Jun-22,6758,0.056136348,0.055799334
IE,Ireland,Jul-22,6911,0.055784981,0.058583705
IE,Ireland,Aug-22,8290,0.058333333,0.056751554
IE,Ireland,Sep-22,8724,0.052538018,0.055552111
IE,Ireland,Oct-22,7923,0.047836,0.052902451
IE,Ireland,Nov-22,7394,0.048,0.049458006
IE,Ireland,Dec-22,5212,0.046403962,0.047413321
IE,Ireland,Jan-23,7535,0.051074717,0.048492893
IE,Ireland,Feb-23,7295,0.05112279,0.049533823
IE,Ireland,Mar-23,8397,0.056038647,0.052745385
IE,Ireland,Apr-23,8400,0.044969993,0.050710477
IE,Ireland,May-23,8313,0.041666667,0.047558436
IE,Ireland,Jun-23,6879,0.033128908,0.039921856
IE,Ireland,Jul-23,6560,0.038822603,0.037872726
IE,Ireland,Aug-23,7765,0.038461538,0.03680435
IE,Ireland,Sep-23,7774,0.042855557,0.040046566
IE,Ireland,Oct-23,6326,0.033333333,0.03821681
IE,Ireland,Nov-23,6360,0.03529616,0.037161683
IE,Ireland,Dec-23,3996,0.035507728,0.034712407
IE,Ireland,Jan-24,6420,0.046292082,0.03903199
IE,Ireland,Feb-24,6336,0.045192315,0.042330709
IE,Ireland,Mar-24,6082,0.045026164,0.04550352
IE,Ireland,Apr-24,5731,0.038192841,0.042803773
IE,Ireland,May-24,6343,0.052631579,0.045283528
IE,Ireland,Jun-24,5050,0.053735437,0.048186619
IE,Ireland,Jul-24,5065,0.044784562,0.050383859
IE,Ireland,Aug-24,5678,0.052631579,0.050383859
IE,Ireland,Sep-24,5888,0.051151813,0.049522651
IE,Ireland,Oct-24,5588,0.055064487,0.052949293
IE,Ireland,Nov-24,5296,0.046210112,0.050808804
IE,Ireland,Dec-24,2955,0.043053313,0.048109304
IE,Ireland,Jan-25,5298,0.043668993,0.044310806
IE,Ireland,Feb-25,4811,0.044444444,0.04372225
IE,Ireland,Mar-25,4966,0.033515802,0.04054308
IE,Ireland,Apr-25,4796,0.052631579,0.043530608
IE,Ireland,May-25,5103,0.040325039,0.042157473
IE,Ireland,Jun-25,4213,0.041666667,0.044874428
IE,Ireland,Jul-25,4967,0.030411463,0.037467723
IE,Ireland,Aug-25,5408,0.042452945,0.038177025
IE,Ireland,Sep-25,5266,0.04618056,0.039681656
IE,Ireland,Oct-25,5785,0.040501372,0.043044959
IE,Ireland,Nov-25,4603,0.033363039,0.04001499
IE,Ireland,Dec-25,3040,0.04,0.037954804
IE,Ireland,Jan-26,6122,0.032714162,0.035359067
IE,Ireland,Feb-26,4897,0.040510922,0.037741695
IE,Ireland,Mar-26,5377,0.036853195,0.03669276
IE,Ireland,Apr-26,4474,0.035502788,0.037622302
IE,Ireland,May-26,4730,0.03125,0.034535328
IE,Ireland,Jun-26,4134,0.034482765,0.033745184
IT,Italy,Jan-19,249,0.032258065,NA
IT,Italy,Feb-19,247,-0.011111111,NA
IT,Italy,Mar-19,391,0.033333333,0.018160096
IT,Italy,Apr-19,365,0.020833333,0.014351852
IT,Italy,May-19,534,0,0.018055556
IT,Italy,Jun-19,570,0.002717391,0.007850242
IT,Italy,Jul-19,473,-0.06125,-0.01951087
IT,Italy,Aug-19,267,0,-0.01951087
IT,Italy,Sep-19,322,0,-0.020416667
IT,Italy,Oct-19,483,0,0
IT,Italy,Nov-19,534,0,0
IT,Italy,Dec-19,353,-0.038461538,-0.012820513
IT,Italy,Jan-20,676,0.042572464,0.001370308
IT,Italy,Feb-20,551,0.02,0.008036975
IT,Italy,Mar-20,290,0,0.020857488
IT,Italy,Apr-20,111,0.07251813,0.030839377
IT,Italy,May-20,263,0.076923077,0.049813735
IT,Italy,Jun-20,396,0.026363636,0.058601614
IT,Italy,Jul-20,545,0.024390244,0.042558986
IT,Italy,Aug-20,312,0.028445513,0.026399798
IT,Italy,Sep-20,549,0,0.017611919
IT,Italy,Oct-20,509,0,0.009481838
IT,Italy,Nov-20,434,0.0625,0.020833333
IT,Italy,Dec-20,359,0.028629032,0.030376344
IT,Italy,Jan-21,567,-0.0177078,0.024473744
IT,Italy,Feb-21,714,-0.027027027,-0.005368598
IT,Italy,Mar-21,774,0,-0.014911609
IT,Italy,Apr-21,555,0,-0.009009009
IT,Italy,May-21,1580,0.017708339,0.00590278
IT,Italy,Jun-21,1987,0.040257649,0.019321996
IT,Italy,Jul-21,1858,0.071428571,0.04313152
IT,Italy,Aug-21,1187,0.036472149,0.049386123
IT,Italy,Sep-21,2070,0.040507365,0.049469362
IT,Italy,Oct-21,2004,0,0.025659838
IT,Italy,Nov-21,1871,0.010869565,0.017125643
IT,Italy,Dec-21,1499,0.041666667,0.017512077
IT,Italy,Jan-22,1872,0.015617433,0.022717888
IT,Italy,Feb-22,2800,0.033018868,0.030100989
IT,Italy,Mar-22,4137,0.007355588,0.018663963
IT,Italy,Apr-22,4531,0.037037037,0.025803831
IT,Italy,May-22,4945,0.015182885,0.019858503
IT,Italy,Jun-22,4731,0.029411765,0.027210562
IT,Italy,Jul-22,4237,0.021054965,0.021883205
IT,Italy,Aug-22,2734,0.019237884,0.023234871
IT,Italy,Sep-22,4681,0.02496124,0.021751363
IT,Italy,Oct-22,3852,0.052631579,0.032276901
IT,Italy,Nov-22,3542,0.038461538,0.038684786
IT,Italy,Dec-22,2890,0.031754032,0.04094905
IT,Italy,Jan-23,3919,0.020408163,0.030207911
IT,Italy,Feb-23,4360,0.038461538,0.030207911
IT,Italy,Mar-23,7009,0.037268519,0.032046073
IT,Italy,Apr-23,6459,0.020408163,0.032046073
IT,Italy,May-23,7675,0,0.019225561
IT,Italy,Jun-23,7666,0,0.006802721
IT,Italy,Jul-23,5867,0,0
IT,Italy,Aug-23,4339,0,0
IT,Italy,Sep-23,6838,0.007194245,0.002398082
IT,Italy,Oct-23,6377,0.001187619,0.002793955
IT,Italy,Nov-23,5729,0.007407407,0.00526309
IT,Italy,Dec-23,4757,0,0.002865009
IT,Italy,Jan-24,7197,0.020008003,0.00913847
IT,Italy,Feb-24,7372,0.03125,0.017086001
IT,Italy,Mar-24,7783,0.015756824,0.022338276
IT,Italy,Apr-24,7642,0.032258065,0.026421629
IT,Italy,May-24,8380,0.016949153,0.02165468
IT,Italy,Jun-24,7586,0.037037037,0.028748085
IT,Italy,Jul-24,6445,0.027650357,0.027212182
IT,Italy,Aug-24,5138,0.040816327,0.035167907
IT,Italy,Sep-24,6585,0.033333333,0.033933339
IT,Italy,Oct-24,6608,0.03030303,0.034817563
IT,Italy,Nov-24,5826,0.034482759,0.032706374
IT,Italy,Dec-24,4301,0.02,0.02826193
IT,Italy,Jan-25,7772,0.019049347,0.024510702
IT,Italy,Feb-25,7681,0.016666667,0.018572005
IT,Italy,Mar-25,7938,0.031054545,0.022256853
IT,Italy,Apr-25,8407,0.011647362,0.019789525
IT,Italy,May-25,10417,0.009612403,0.017438103
IT,Italy,Jun-25,8643,0,0.007086588
IT,Italy,Jul-25,8708,0,0.003204134
IT,Italy,Aug-25,6718,0,0
IT,Italy,Sep-25,10983,0.020468669,0.00682289
IT,Italy,Oct-25,11464,0,0.00682289
IT,Italy,Nov-25,10247,0,0.00682289
IT,Italy,Dec-25,7793,0.009270227,0.003090076
IT,Italy,Jan-26,13535,0,0.003090076
IT,Italy,Feb-26,14023,0.00877193,0.006014052
IT,Italy,Mar-26,16502,0,0.002923977
IT,Italy,Apr-26,12006,0.007550447,0.005440792
IT,Italy,May-26,14064,0.025251455,0.010933967
IT,Italy,Jun-26,16098,0.025451052,0.019417652
JP,Japan,Jan-19,172801,0,NA
JP,Japan,Feb-19,149837,0,NA
JP,Japan,Mar-19,210241,0,0
JP,Japan,Apr-19,181593,0,0
JP,Japan,May-19,176136,0,0
JP,Japan,Jun-19,257238,0,0
JP,Japan,Jul-19,243239,0,0
JP,Japan,Aug-19,240882,0,0
JP,Japan,Sep-19,315325,0,0
JP,Japan,Oct-19,398065,0.012658228,0.004219409
JP,Japan,Nov-19,399525,0.01602139,0.009559873
JP,Japan,Dec-19,427105,0.015005714,0.014561778
JP,Japan,Jan-20,491487,0.016469606,0.015832237
JP,Japan,Feb-20,436691,0.020993477,0.017489599
JP,Japan,Mar-20,591315,0.012241505,0.016568196
JP,Japan,Apr-20,469062,0.013043478,0.015426153
JP,Japan,May-20,330910,0.011098793,0.012127925
JP,Japan,Jun-20,455309,0.008902077,0.011014783
JP,Japan,Jul-20,497537,0.008163265,0.009388045
JP,Japan,Aug-20,691499,0.005586592,0.007550645
JP,Japan,Sep-20,832329,0.006993007,0.006914288
JP,Japan,Oct-20,1058215,0,0.0041932
JP,Japan,Nov-20,897523,0,0.002331002
JP,Japan,Dec-20,729877,0,0
JP,Japan,Jan-21,666576,0,0
JP,Japan,Feb-21,779974,0,0
JP,Japan,Mar-21,896679,0,0
JP,Japan,Apr-21,759982,0,0
JP,Japan,May-21,782872,0,0
JP,Japan,Jun-21,595390,0.003600058,0.001200019
JP,Japan,Jul-21,651998,0.00332891,0.002309656
JP,Japan,Aug-21,806006,0.006329114,0.004419361
JP,Japan,Sep-21,1111796,0.007218486,0.005625503
JP,Japan,Oct-21,1346956,0.010922996,0.008156865
JP,Japan,Nov-21,1259022,0.014876723,0.011006068
JP,Japan,Dec-21,948337,0.016566265,0.014121995
JP,Japan,Jan-22,955877,0.014775018,0.015406002
JP,Japan,Feb-22,1068978,0.0125,0.014613761
JP,Japan,Mar-22,1100198,0.02,0.015758339
JP,Japan,Apr-22,1105343,0.017982036,0.016827345
JP,Japan,May-22,1021726,0.020833333,0.019605123
JP,Japan,Jun-22,1243965,0.019330885,0.019382085
JP,Japan,Jul-22,1501181,0.012096971,0.017420396
JP,Japan,Aug-22,1640680,0.015570337,0.015666064
JP,Japan,Sep-22,1397620,0.018181818,0.015283042
JP,Japan,Oct-22,1040192,0.015298317,0.016350157
JP,Japan,Nov-22,1000065,0.011235955,0.014905363
JP,Japan,Dec-22,982752,0.011445302,0.012659858
JP,Japan,Jan-23,632249,0,0.007560419
JP,Japan,Feb-23,630564,0.009541985,0.006995762
JP,Japan,Mar-23,831012,0.010849945,0.00679731
JP,Japan,Apr-23,809828,0.011235955,0.010542628
JP,Japan,May-23,897526,0.014851485,0.012312462
JP,Japan,Jun-23,902103,0.009291534,0.011792991
JP,Japan,Jul-23,612174,0.002840909,0.008994643
JP,Japan,Aug-23,396996,0.005434783,0.005855742
JP,Japan,Sep-23,604885,0.010869565,0.006381752
JP,Japan,Oct-23,362469,0.015266098,0.010523482
JP,Japan,Nov-23,355233,0.012474989,0.012870217
JP,Japan,Dec-23,368211,0.015,0.014247029
JP,Japan,Jan-24,363037,0.022727273,0.016734087
JP,Japan,Feb-24,354884,0.025,0.020909091
JP,Japan,Mar-24,347681,0.032092163,0.026606479
JP,Japan,Apr-24,302485,0.033531081,0.030207748
JP,Japan,May-24,415918,0.033591731,0.033071658
JP,Japan,Jun-24,416516,0.034714634,0.033945815
JP,Japan,Jul-24,396754,0.04494382,0.037750062
JP,Japan,Aug-24,403600,0.049139168,0.042932541
JP,Japan,Sep-24,354830,0.043478261,0.04585375
JP,Japan,Oct-24,393641,0.046954315,0.046523914
JP,Japan,Nov-24,366404,0.051600102,0.047344226
JP,Japan,Dec-24,423735,0.044642857,0.047732425
JP,Japan,Jan-25,367821,0.045454545,0.047232502
JP,Japan,Feb-25,264487,0.041304348,0.043800583
JP,Japan,Mar-25,428753,0.037386636,0.041381843
JP,Japan,Apr-25,476539,0.033898305,0.037529763
JP,Japan,May-25,435765,0.027656037,0.032980326
JP,Japan,Jun-25,338654,0.028169014,0.029907786
JP,Japan,Jul-25,291209,0.027837259,0.027887437
JP,Japan,Aug-25,274103,0.023251839,0.026419371
JP,Japan,Sep-25,265417,0.023029229,0.024706109
JP,Japan,Oct-25,300864,0.026086957,0.024122675
JP,Japan,Nov-25,282049,0.020833333,0.023316506
JP,Japan,Dec-25,288302,0.021350195,0.022756828
JP,Japan,Jan-26,302672,0.028504771,0.023562766
JP,Japan,Feb-26,313874,0.032258065,0.02737101
JP,Japan,Mar-26,421036,0.028571429,0.029778088
JP,Japan,Apr-26,543558,0.030526316,0.030451936
JP,Japan,May-26,603478,0.026315789,0.028471178
JP,Japan,Jun-26,410135,0.02970297,0.028848359
NL,Netherlands,Jan-19,4397,0.038553395,NA
NL,Netherlands,Feb-19,4229,0.038363636,NA
NL,Netherlands,Mar-19,4782,0.01323198,0.03004967
NL,Netherlands,Apr-19,4885,0.046733318,0.032776311
NL,Netherlands,May-19,5490,0.043586795,0.034517364
NL,Netherlands,Jun-19,5422,0.036363636,0.042227916
NL,Netherlands,Jul-19,5916,0.025152273,0.035034235
NL,Netherlands,Aug-19,6860,0.022111583,0.027875831
NL,Netherlands,Sep-19,6617,0.020833333,0.022699063
NL,Netherlands,Oct-19,8179,0.032640394,0.025195103
NL,Netherlands,Nov-19,8036,0.026532313,0.02666868
NL,Netherlands,Dec-19,7071,0.032976469,0.030716392
NL,Netherlands,Jan-20,7008,0.008,0.022502927
NL,Netherlands,Feb-20,8102,0.007695126,0.016223865
NL,Netherlands,Mar-20,5428,0.026771478,0.014155535
NL,Netherlands,Apr-20,3172,0.009009495,0.014492033
NL,Netherlands,May-20,4094,0.006466304,0.014082425
NL,Netherlands,Jun-20,5227,0.00366562,0.006380473
NL,Netherlands,Jul-20,7773,0.00618923,0.005440384
NL,Netherlands,Aug-20,6338,0.020022425,0.009959091
NL,Netherlands,Sep-20,7943,0.017187521,0.014466392
NL,Netherlands,Oct-20,8289,0.009916981,0.015708976
NL,Netherlands,Nov-20,8598,0.0125,0.013201501
NL,Netherlands,Dec-20,7678,0,0.007472327
NL,Netherlands,Jan-21,7657,0.014051874,0.008850625
NL,Netherlands,Feb-21,10043,0,0.004683958
NL,Netherlands,Mar-21,10838,-0.002945026,0.003702283
NL,Netherlands,Apr-21,10260,0.004327217,4.6073e-4
NL,Netherlands,May-21,10618,0.007122082,0.002834758
NL,Netherlands,Jun-21,11891,0.013333333,0.008260878
NL,Netherlands,Jul-21,11279,0.021388298,0.013947904
NL,Netherlands,Aug-21,9165,0.025,0.01990721
NL,Netherlands,Sep-21,10373,0.029622972,0.02533709
NL,Netherlands,Oct-21,11905,0.020410193,0.025011055
NL,Netherlands,Nov-21,11855,0.0141345,0.021389222
NL,Netherlands,Dec-21,12331,0.014487982,0.016344225
NL,Netherlands,Jan-22,13395,0.01358637,0.014069617
NL,Netherlands,Feb-22,14493,0.037730689,0.021935014
NL,Netherlands,Mar-22,17337,0.032874711,0.028063923
NL,Netherlands,Apr-22,21050,0.028806665,0.033137355
NL,Netherlands,May-22,19707,0.042613387,0.034764921
NL,Netherlands,Jun-22,20906,0.04,0.037140017
NL,Netherlands,Jul-22,21586,0.044605417,0.042406268
NL,Netherlands,Aug-22,20039,0.04112293,0.041909449
NL,Netherlands,Sep-22,20903,0.045454545,0.043727631
NL,Netherlands,Oct-22,19113,0.040897445,0.04249164
NL,Netherlands,Nov-22,23231,0.043823264,0.043391752
NL,Netherlands,Dec-22,19548,0.043478261,0.04273299
NL,Netherlands,Jan-23,22884,0.062474469,0.049925331
NL,Netherlands,Feb-23,20788,0.062429654,0.056127461
NL,Netherlands,Mar-23,27534,0.050676254,0.058526793
NL,Netherlands,Apr-23,23995,0.064492652,0.05919952
NL,Netherlands,May-23,23250,0.059919801,0.058362903
NL,Netherlands,Jun-23,25392,0.057604112,0.060672189
NL,Netherlands,Jul-23,22976,0.06259248,0.060038798
NL,Netherlands,Aug-23,22276,0.054545455,0.058247349
NL,Netherlands,Sep-23,23323,0.063414634,0.06018419
NL,Netherlands,Oct-23,23227,0.056274519,0.058078203
NL,Netherlands,Nov-23,24474,0.062838492,0.060842548
NL,Netherlands,Dec-23,22188,0.061554796,0.060222603
NL,Netherlands,Jan-24,21859,0.081967213,0.068786834
NL,Netherlands,Feb-24,23091,0.076857428,0.073459813
NL,Netherlands,Mar-24,25606,0.081786132,0.080203591
NL,Netherlands,Apr-24,23174,0.068086674,0.075576745
NL,Netherlands,May-24,22414,0.073268045,0.074380284
NL,Netherlands,Jun-24,20777,0.082127507,0.074494075
NL,Netherlands,Jul-24,19316,0.08086785,0.078754468
NL,Netherlands,Aug-24,17371,0.083887707,0.082294355
NL,Netherlands,Sep-24,18019,0.077760239,0.080838599
NL,Netherlands,Oct-24,21917,0.072150072,0.077932673
NL,Netherlands,Nov-24,21433,0.072463768,0.074124693
NL,Netherlands,Dec-24,18368,0.071705315,0.072106385
NL,Netherlands,Jan-25,20641,0.05,0.064723028
NL,Netherlands,Feb-25,20306,0.054504377,0.058736564
NL,Netherlands,Mar-25,21722,0.050505044,0.051669807
NL,Netherlands,Apr-25,22142,0.049093746,0.051367722
NL,Netherlands,May-25,21267,0.045751634,0.048450141
NL,Netherlands,Jun-25,19046,0.044387816,0.046411065
NL,Netherlands,Jul-25,21042,0.040444502,0.043527984
NL,Netherlands,Aug-25,17787,0.047526545,0.044119621
NL,Netherlands,Sep-25,19768,0.046913061,0.044961369
NL,Netherlands,Oct-25,21910,0.044130802,0.046190136
NL,Netherlands,Nov-25,19780,0.040615429,0.043886431
NL,Netherlands,Dec-25,17852,0.044846116,0.043197449
NL,Netherlands,Jan-26,19944,0.042307692,0.042589746
NL,Netherlands,Feb-26,19644,0.04,0.042384603
NL,Netherlands,Mar-26,21541,0.040407221,0.040904971
NL,Netherlands,Apr-26,20317,0.038167939,0.039525053
NL,Netherlands,May-26,18018,0.033091144,0.037222101
NL,Netherlands,Jun-26,17755,0.037280816,0.036179966
US,United States,Jan-19,154753,0.03626943,NA
US,United States,Feb-19,151799,0.035714286,NA
US,United States,Mar-19,210937,0.038461538,0.036815085
US,United States,Apr-19,212699,0.035173642,0.036449822
US,United States,May-19,220410,0.034216012,0.035950397
US,United States,Jun-19,198170,0.033333333,0.034240996
US,United States,Jul-19,188850,0.03125,0.032933115
US,United States,Aug-19,224109,0.03418054,0.032921291
US,United States,Sep-19,159834,0.027272736,0.030901092
US,United States,Oct-19,206283,0.028010694,0.029821323
US,United States,Nov-19,166210,0.03030303,0.02852882
US,United States,Dec-19,146370,0.023809524,0.027374416
US,United States,Jan-20,230611,0.026315789,0.026809448
US,United States,Feb-20,237864,0.024743729,0.024956347
US,United States,Mar-20,196267,0.03125,0.027436506
US,United States,Apr-20,129866,0.034482759,0.030158829
US,United States,May-20,220728,0.018518519,0.028083759
US,United States,Jun-20,277603,0.017241379,0.023414219
US,United States,Jul-20,324553,0.021276596,0.019012165
US,United States,Aug-20,341448,0.028571429,0.022363135
US,United States,Sep-20,341668,0.030357157,0.02673506
US,United States,Oct-20,380541,0.033920982,0.030949856
US,United States,Nov-20,278973,0.034090909,0.032789683
US,United States,Dec-20,270717,0.037037037,0.03501631
US,United States,Jan-21,397742,0.04,0.037042649
US,United States,Feb-21,429367,0.047619048,0.041552028
US,United States,Mar-21,585437,0.046728972,0.044782673
US,United States,Apr-21,570603,0.052631579,0.0489932
US,United States,May-21,588342,0.08,0.05978685
US,United States,Jun-21,592597,0.081081081,0.071237553
US,United States,Jul-21,583064,0.084745763,0.081942281
US,United States,Aug-21,538622,0.08490566,0.083577501
US,United States,Sep-21,533919,0.0875,0.085717141
US,United States,Oct-21,545004,0.09375,0.088718553
US,United States,Nov-21,459420,0.094827586,0.092025862
US,United States,Dec-21,481848,0.091854988,0.093477525
US,United States,Jan-22,542994,0.095238095,0.093973557
US,United States,Feb-22,562355,0.090909091,0.092667391
US,United States,Mar-22,752303,0.09338379,0.093176992
US,United States,Apr-22,718317,0.090909091,0.091733991
US,United States,May-22,697693,0.081632653,0.088641845
US,United States,Jun-22,707570,0.078707605,0.083749783
US,United States,Jul-22,884095,0.076923077,0.079087778
US,United States,Aug-22,1062682,0.074000041,0.076543574
US,United States,Sep-22,929624,0.066666667,0.072529928
US,United States,Oct-22,797638,0.065069148,0.068578619
US,United States,Nov-22,829428,0.061743552,0.064493122
US,United States,Dec-22,818673,0.0625,0.063104233
US,United States,Jan-23,947454,0.060606061,0.061616537
US,United States,Feb-23,907871,0.060606061,0.061237374
US,United States,Mar-23,1167272,0.058333333,0.059848485
US,United States,Apr-23,1089035,0.053504601,0.057481332
US,United States,May-23,1091953,0.051282051,0.054373328
US,United States,Jun-23,1077971,0.048671322,0.051152658
US,United States,Jul-23,1064850,0.043478261,0.047810545
US,United States,Aug-23,1232309,0.041666667,0.044605417
US,United States,Sep-23,1068429,0.041666667,0.042270531
US,United States,Oct-23,1042689,0.037037037,0.040123457
US,United States,Nov-23,935301,0.035714286,0.03813933
US,United States,Dec-23,853339,0.033333333,0.035361552
US,United States,Jan-24,1035483,0.03030303,0.033116883
US,United States,Feb-24,1015422,0.030612245,0.031416203
US,United States,Mar-24,1165413,0.03030303,0.030406102
US,United States,Apr-24,1052262,0.029411765,0.030109013
US,United States,May-24,1066425,0.03030303,0.030005942
US,United States,Jun-24,967733,0.031055901,0.030256899
US,United States,Jul-24,955533,0.032937052,0.031431994
US,United States,Aug-24,1048961,0.033333333,0.032442095
US,United States,Sep-24,910643,0.033333333,0.033201239
US,United States,Oct-24,937702,0.034482759,0.033716475
US,United States,Nov-24,775858,0.034482759,0.034099617
US,United States,Dec-24,690375,0.032258065,0.033741194
US,United States,Jan-25,927662,0.034178321,0.033639715
US,United States,Feb-25,835176,0.033333333,0.033256573
US,United States,Mar-25,931879,0.03125,0.032920551
US,United States,Apr-25,924018,0.03030303,0.031628788
US,United States,May-25,896464,0.029958443,0.030503824
US,United States,Jun-25,791264,0.029391498,0.029884324
US,United States,Jul-25,908601,0.025,0.028116647
US,United States,Aug-25,913333,0.027027027,0.027139508
US,United States,Sep-25,787467,0.026315789,0.026114272
US,United States,Oct-25,854766,0.02418774,0.025843519
US,United States,Nov-25,670298,0.023919062,0.024807531
US,United States,Dec-25,621927,0.02152923,0.023212011
US,United States,Jan-26,792678,0.020833333,0.022093875
US,United States,Feb-26,726905,0.022058824,0.021473796
US,United States,Mar-26,789900,0.023809524,0.022233894
US,United States,Apr-26,796753,0.024242401,0.023370249
US,United States,May-26,753196,0.024390244,0.02414739
US,United States,Jun-26,686478,0.023809524,0.02414739
