jobcountry,country,month,n_obs,posted_wage_growth_yoy,posted_wage_growth_yoy_3moavg
CA,Canada,Jan-19,33332,0.0217742,NA
CA,Canada,Feb-19,31127,0.020085029,NA
CA,Canada,Mar-19,41628,0.017857143,0.019905457
CA,Canada,Apr-19,39810,0.019820129,0.0192541
CA,Canada,May-19,43084,0.019024968,0.018900747
CA,Canada,Jun-19,38722,0.017557013,0.018800703
CA,Canada,Jul-19,39789,0.016518439,0.01770014
CA,Canada,Aug-19,45786,0.017572499,0.017215984
CA,Canada,Sep-19,37511,0.013513514,0.015868151
CA,Canada,Oct-19,41734,0.014541776,0.015209263
CA,Canada,Nov-19,35848,0.0132726,0.013775963
CA,Canada,Dec-19,23785,0.00177703,0.009863802
CA,Canada,Jan-20,37846,0.012513563,0.009187731
CA,Canada,Feb-20,34863,0.012658228,0.00898294
CA,Canada,Mar-20,26259,0.01562321,0.013598334
CA,Canada,Apr-20,17154,0.020075261,0.0161189
CA,Canada,May-20,30310,0.015384615,0.017027696
CA,Canada,Jun-20,38218,0.008333333,0.014597737
CA,Canada,Jul-20,44926,0.015075717,0.012931222
CA,Canada,Aug-20,44672,0.01369863,0.012369227
CA,Canada,Sep-20,47091,0.019903395,0.016225914
CA,Canada,Oct-20,46822,0.02,0.017867342
CA,Canada,Nov-20,40280,0.018518519,0.019473971
CA,Canada,Dec-20,32100,0.02173913,0.020085883
CA,Canada,Jan-21,44015,0.02173913,0.020665593
CA,Canada,Feb-21,48525,0.02745096,0.023643074
CA,Canada,Mar-21,66663,0.019914831,0.023034974
CA,Canada,Apr-21,56248,0.011235955,0.019533915
CA,Canada,May-21,62679,0.025,0.018716929
CA,Canada,Jun-21,76826,0.028571429,0.021602461
CA,Canada,Jul-21,77909,0.029411765,0.027661064
CA,Canada,Aug-21,80487,0.030964233,0.029649142
CA,Canada,Sep-21,81152,0.028870645,0.029748881
CA,Canada,Oct-21,76331,0.030733023,0.030189301
CA,Canada,Nov-21,70315,0.03,0.02986789
CA,Canada,Dec-21,54510,0.032024956,0.030919326
CA,Canada,Jan-22,68693,0.040671429,0.034232128
CA,Canada,Feb-22,79798,0.040631695,0.037776027
CA,Canada,Mar-22,104473,0.045454545,0.042252557
CA,Canada,Apr-22,100931,0.04666666,0.044250967
CA,Canada,May-22,99929,0.046984363,0.046368523
CA,Canada,Jun-22,100695,0.05,0.047883675
CA,Canada,Jul-22,92658,0.05,0.048994788
CA,Canada,Aug-22,104523,0.048264229,0.04942141
CA,Canada,Sep-22,102884,0.041666667,0.046643632
CA,Canada,Oct-22,88852,0.04301639,0.044315762
CA,Canada,Nov-22,82614,0.043187636,0.042623564
CA,Canada,Dec-22,59283,0.045714297,0.043972774
CA,Canada,Jan-23,80299,0.035768235,0.041556722
CA,Canada,Feb-23,75048,0.039655159,0.04037923
CA,Canada,Mar-23,95588,0.036666697,0.037363364
CA,Canada,Apr-23,86733,0.036634005,0.037651954
CA,Canada,May-23,90787,0.037352831,0.036884511
CA,Canada,Jun-23,86144,0.03892839,0.037638409
CA,Canada,Jul-23,75734,0.032903922,0.036395048
CA,Canada,Aug-23,87984,0.037037037,0.036289783
CA,Canada,Sep-23,80663,0.035555556,0.035165505
CA,Canada,Oct-23,70745,0.040991824,0.037861472
CA,Canada,Nov-23,69275,0.037735849,0.03809441
CA,Canada,Dec-23,48845,0.031847134,0.036858269
CA,Canada,Jan-24,74083,0.036363636,0.03531554
CA,Canada,Feb-24,69881,0.032692298,0.033634356
CA,Canada,Mar-24,77182,0.034482759,0.034512898
CA,Canada,Apr-24,77205,0.033255042,0.0334767
CA,Canada,May-24,82535,0.032121196,0.033286332
CA,Canada,Jun-24,73862,0.028985507,0.031453915
CA,Canada,Jul-24,73630,0.035126898,0.032077867
CA,Canada,Aug-24,84282,0.035163704,0.033092036
CA,Canada,Sep-24,73632,0.030823528,0.03370471
CA,Canada,Oct-24,71790,0.029411765,0.031799666
CA,Canada,Nov-24,60412,0.031694531,0.030643275
CA,Canada,Dec-24,43458,0.029411765,0.030172687
CA,Canada,Jan-25,73441,0.0311184,0.030741565
CA,Canada,Feb-25,65879,0.029923153,0.030151106
CA,Canada,Mar-25,76111,0.029411765,0.030151106
CA,Canada,Apr-25,73372,0.026018496,0.028451138
CA,Canada,May-25,74918,0.028271317,0.027900526
CA,Canada,Jun-25,65724,0.025252525,0.026514113
DE,Germany,Jan-19,3012,0.024916452,NA
DE,Germany,Feb-19,2857,0.055050505,NA
DE,Germany,Mar-19,3418,0.035909089,0.038625349
DE,Germany,Apr-19,3227,0.066666667,0.052542087
DE,Germany,May-19,3355,0.048387097,0.050320951
DE,Germany,Jun-19,3628,0.053000021,0.056017928
DE,Germany,Jul-19,4916,0.038400079,0.046595732
DE,Germany,Aug-19,4575,0.021111064,0.037503722
DE,Germany,Sep-19,4052,0.032258065,0.030589736
DE,Germany,Oct-19,5602,0.036229306,0.029866145
DE,Germany,Nov-19,6645,0.042857143,0.037114838
DE,Germany,Dec-19,4511,0.038095247,0.039060565
DE,Germany,Jan-20,7006,0.028571429,0.03650794
DE,Germany,Feb-20,6643,0.026395182,0.031020619
DE,Germany,Mar-20,5203,0.031202008,0.028722873
DE,Germany,Apr-20,4097,0.016949153,0.024848781
DE,Germany,May-20,4716,0,0.016050387
DE,Germany,Jun-20,6837,0.011074602,0.009341252
DE,Germany,Jul-20,8930,0,0.003691534
DE,Germany,Aug-20,6606,0,0.003691534
DE,Germany,Sep-20,7919,0,0
DE,Germany,Oct-20,7184,0,0
DE,Germany,Nov-20,6841,0,0
DE,Germany,Dec-20,5414,0,0
DE,Germany,Jan-21,6840,0.01564617,0.00521539
DE,Germany,Feb-21,7414,0.015436489,0.010360886
DE,Germany,Mar-21,9624,0,0.010360886
DE,Germany,Apr-21,8525,0,0.005145496
DE,Germany,May-21,10017,0.008641975,0.002880658
DE,Germany,Jun-21,12283,0.027897277,0.012179751
DE,Germany,Jul-21,14096,0.035714286,0.024084513
DE,Germany,Aug-21,14272,0.019211551,0.027607705
DE,Germany,Sep-21,15813,0.028703654,0.027876497
DE,Germany,Oct-21,17101,0.03479315,0.027569452
DE,Germany,Nov-21,17624,0.037735849,0.033744218
DE,Germany,Dec-21,15636,0.035357141,0.035962047
DE,Germany,Jan-22,19248,0.043478261,0.038857083
DE,Germany,Feb-22,22133,0.043478261,0.040771221
DE,Germany,Mar-22,26289,0.046666662,0.044541061
DE,Germany,Apr-22,25119,0.066666667,0.05227053
DE,Germany,May-22,28116,0.066666667,0.059999998
DE,Germany,Jun-22,30416,0.071428571,0.068253968
DE,Germany,Jul-22,32175,0.062993479,0.067029572
DE,Germany,Aug-22,31914,0.052631571,0.062351207
DE,Germany,Sep-22,33206,0.083333333,0.066319461
DE,Germany,Oct-22,36378,0.071428571,0.069131159
DE,Germany,Nov-22,40657,0.072041166,0.075601024
DE,Germany,Dec-22,38285,0.076923077,0.073464272
DE,Germany,Jan-23,44616,0.066666667,0.07187697
DE,Germany,Feb-23,40173,0.068181818,0.070590521
DE,Germany,Mar-23,48902,0.0625,0.065782828
DE,Germany,Apr-23,43694,0.054613928,0.061765249
DE,Germany,May-23,49550,0.055555556,0.057556495
DE,Germany,Jun-23,55957,0.058823529,0.056331004
DE,Germany,Jul-23,56276,0.044727388,0.053035491
DE,Germany,Aug-23,60286,0.052631597,0.052060838
DE,Germany,Sep-23,58581,0.041666667,0.046341884
DE,Germany,Oct-23,49349,0.043585024,0.045961096
DE,Germany,Nov-23,47142,0.034482759,0.039911483
DE,Germany,Dec-23,40762,0.033333333,0.037133705
DE,Germany,Jan-24,49808,0.034285736,0.034033943
DE,Germany,Feb-24,47453,0.034482759,0.034033943
DE,Germany,Mar-24,49498,0.035053567,0.034607354
DE,Germany,Apr-24,49438,0.022022152,0.030519493
DE,Germany,May-24,38755,0.034166676,0.030414132
DE,Germany,Jun-24,30232,0.037593985,0.031260938
DE,Germany,Jul-24,33431,0.044696981,0.038819214
DE,Germany,Aug-24,31831,0.041995686,0.041428884
DE,Germany,Sep-24,32085,0.041666667,0.042786445
DE,Germany,Oct-24,30533,0.036326979,0.039996444
DE,Germany,Nov-24,28828,0.030686449,0.036226698
DE,Germany,Dec-24,23243,0.02739726,0.03147023
DE,Germany,Jan-25,31604,0.033633646,0.030572452
DE,Germany,Feb-25,27695,0.032594585,0.031208497
DE,Germany,Mar-25,28720,0.035767602,0.033998611
DE,Germany,Apr-25,25949,0.046064302,0.038142163
DE,Germany,May-25,26136,0.032786885,0.038206263
DE,Germany,Jun-25,22339,0.03125,0.036700396
ES,Spain,Jan-19,1526,0,NA
ES,Spain,Feb-19,1561,0,NA
ES,Spain,Mar-19,1926,0.027791667,0.009263889
ES,Spain,Apr-19,1628,0.027619048,0.018470238
ES,Spain,May-19,2292,0.041666667,0.032359127
ES,Spain,Jun-19,2305,0.026489821,0.031925179
ES,Spain,Jul-19,2378,0.050641026,0.039599171
ES,Spain,Aug-19,1320,0.047727273,0.041619373
ES,Spain,Sep-19,1849,0.025974026,0.041447441
ES,Spain,Oct-19,2089,0.025816123,0.033172474
ES,Spain,Nov-19,1871,4.76201e-4,0.017422117
ES,Spain,Dec-19,1287,0.017261905,0.014518076
ES,Spain,Jan-20,1757,0.030769231,0.016169112
ES,Spain,Feb-20,1680,0.04,0.029343712
ES,Spain,Mar-20,1047,0.022222222,0.030997151
ES,Spain,Apr-20,353,0.041666667,0.03462963
ES,Spain,May-20,481,0.017866464,0.027251784
ES,Spain,Jun-20,677,-0.018387314,0.013715272
ES,Spain,Jul-20,862,0,-1.73617e-4
ES,Spain,Aug-20,493,0.015867066,-8.40083e-4
ES,Spain,Sep-20,853,0.014938685,0.010268584
ES,Spain,Oct-20,665,0,0.010268584
ES,Spain,Nov-20,825,0,0.004979562
ES,Spain,Dec-20,553,0,0
ES,Spain,Jan-21,687,0.040833333,0.013611111
ES,Spain,Feb-21,771,0.003643239,0.014825524
ES,Spain,Mar-21,785,-0.024293174,0.006727799
ES,Spain,Apr-21,565,-0.027027027,-0.015892321
ES,Spain,May-21,1023,0.001937984,-0.016460739
ES,Spain,Jun-21,1145,0.0077061,-0.005794314
ES,Spain,Jul-21,1247,0.013888889,0.007844324
ES,Spain,Aug-21,792,0,0.007198329
ES,Spain,Sep-21,1293,0,0.00462963
ES,Spain,Oct-21,1136,0.005950012,0.001983337
ES,Spain,Nov-21,1209,0,0.001983337
ES,Spain,Dec-21,923,0.014318152,0.006756055
ES,Spain,Jan-22,905,0.026581981,0.013633378
ES,Spain,Feb-22,1267,0.041666667,0.027522266
ES,Spain,Mar-22,1748,0.062360166,0.043536271
ES,Spain,Apr-22,1652,0.035714286,0.046580373
ES,Spain,May-22,2384,0.075,0.057691484
ES,Spain,Jun-22,2497,0.023237179,0.044650488
ES,Spain,Jul-22,2369,0.041987179,0.046741453
ES,Spain,Aug-22,1963,0.043560606,0.036261655
ES,Spain,Sep-22,2676,0.05234657,0.045964785
ES,Spain,Oct-22,2138,0,0.031969059
ES,Spain,Nov-22,2207,0.052631579,0.034992716
ES,Spain,Dec-22,1455,0.054166667,0.035599415
ES,Spain,Jan-23,1664,0.024545959,0.043781402
ES,Spain,Feb-23,2002,0.026315789,0.035009472
ES,Spain,Mar-23,2988,0.028416785,0.026426178
ES,Spain,Apr-23,2773,0.038461538,0.031064704
ES,Spain,May-23,3718,0.047619048,0.03816579
ES,Spain,Jun-23,3572,0.04,0.042026862
ES,Spain,Jul-23,2997,0.046875,0.044831349
ES,Spain,Aug-23,2760,0.045983087,0.044286029
ES,Spain,Sep-23,3426,0.041381279,0.044746455
ES,Spain,Oct-23,2958,0.056179775,0.047848047
ES,Spain,Nov-23,3045,0.038961039,0.045507364
ES,Spain,Dec-23,1938,0.05,0.048380271
ES,Spain,Jan-24,2918,0.036038961,0.041666667
ES,Spain,Feb-24,2855,0.053291536,0.046443499
ES,Spain,Mar-24,3005,0.04,0.043110166
ES,Spain,Apr-24,3292,0.035714286,0.043001941
ES,Spain,May-24,3543,0.031746032,0.035820106
ES,Spain,Jun-24,3441,0.04,0.035820106
ES,Spain,Jul-24,3164,0.049476182,0.040407405
ES,Spain,Aug-24,2362,0.037735849,0.04240401
ES,Spain,Sep-24,3127,0.049885796,0.045699276
ES,Spain,Oct-24,3436,0.048219563,0.045280403
ES,Spain,Nov-24,2986,0.048752969,0.048952776
ES,Spain,Dec-24,2104,0.061383311,0.052785281
ES,Spain,Jan-25,2846,0.027220575,0.045785618
ES,Spain,Feb-25,2724,0.020408163,0.03633735
ES,Spain,Mar-25,2923,0.037647059,0.028425266
ES,Spain,Apr-25,2893,0.033333333,0.030462852
ES,Spain,May-25,3163,0.028424532,0.033134975
ES,Spain,Jun-25,3188,0.039304611,0.033687492
FR,France,Jan-19,15330,0.015182147,NA
FR,France,Feb-19,15612,0.015182147,NA
FR,France,Mar-19,20166,0.015182147,0.015182147
FR,France,Apr-19,19376,0.014925328,0.015096541
FR,France,May-19,22099,0.015384615,0.01516403
FR,France,Jun-19,23821,0.015182147,0.01516403
FR,France,Jul-19,26454,0.015182147,0.015249637
FR,France,Aug-19,29082,0.015182147,0.015182147
FR,France,Sep-19,28933,0.015182147,0.015182147
FR,France,Oct-19,34611,0.016226542,0.015530279
FR,France,Nov-19,28706,0.017786592,0.016398427
FR,France,Dec-19,29555,0.015182147,0.016398427
FR,France,Jan-20,39626,0.01183432,0.014934353
FR,France,Feb-20,34138,0.011964097,0.012993521
FR,France,Mar-20,25108,0.011964097,0.011920838
FR,France,Apr-20,11048,0.020742322,0.014890172
FR,France,May-20,24423,0.01232539,0.015010603
FR,France,Jun-20,33675,0.011459868,0.014842527
FR,France,Jul-20,39183,0.011964097,0.011916452
FR,France,Aug-20,33500,0.011964097,0.01179602
FR,France,Sep-20,41908,0.012213355,0.012047183
FR,France,Oct-20,41892,0.015629609,0.01326902
FR,France,Nov-20,29729,0.013216164,0.013686376
FR,France,Dec-20,31322,0.012345679,0.013730484
FR,France,Jan-21,34748,0.013592174,0.013051339
FR,France,Feb-21,34820,0.010989011,0.012308955
FR,France,Mar-21,44474,0.010344877,0.01164202
FR,France,Apr-21,39887,0.008108108,0.009813999
FR,France,May-21,53908,0.009852255,0.00943508
FR,France,Jun-21,67778,0.012474067,0.01014481
FR,France,Jul-21,63259,0.014680448,0.01233559
FR,France,Aug-21,48537,0.013161661,0.013438725
FR,France,Sep-21,68027,0.020519016,0.016120375
FR,France,Oct-21,65258,0.030200395,0.021293691
FR,France,Nov-21,55803,0.028101413,0.026273608
FR,France,Dec-21,58325,0.0306573,0.029653036
FR,France,Jan-22,67168,0.031554818,0.03010451
FR,France,Feb-22,71579,0.031233552,0.031148557
FR,France,Mar-22,85682,0.031219482,0.031335951
FR,France,Apr-22,78803,0.03316548,0.031872838
FR,France,May-22,78604,0.046290801,0.036891921
FR,France,Jun-22,90449,0.044245701,0.041233994
FR,France,Jul-22,85640,0.041587782,0.044041428
FR,France,Aug-22,80797,0.054278154,0.046703879
FR,France,Sep-22,115121,0.046153846,0.047339927
FR,France,Oct-22,99033,0.045216996,0.048549665
FR,France,Nov-22,101411,0.046521726,0.045964189
FR,France,Dec-22,122571,0.044583321,0.045440681
FR,France,Jan-23,102237,0.044969923,0.045358323
FR,France,Feb-23,99492,0.046805674,0.045452973
FR,France,Mar-23,120249,0.044969923,0.04558184
FR,France,Apr-23,107548,0.044741369,0.045505655
FR,France,May-23,103019,0.047873534,0.045861609
FR,France,Jun-23,118136,0.047272769,0.046629224
FR,France,Jul-23,114634,0.045930492,0.047025598
FR,France,Aug-23,122118,0.040180646,0.044461302
FR,France,Sep-23,134064,0.03932916,0.041813433
FR,France,Oct-23,122400,0.039536105,0.039681971
FR,France,Nov-23,117301,0.038115416,0.03899356
FR,France,Dec-23,108636,0.037037037,0.038229518999999997
FR,France,Jan-24,109391,0.033717759,0.036290071
FR,France,Feb-24,113242,0.032969034,0.03457461
FR,France,Mar-24,107376,0.033333333,0.033340042
FR,France,Apr-24,104688,0.028596181,0.031632849
FR,France,May-24,98217,0.019343233,0.027090916
FR,France,Jun-24,105560,0.01809953,0.022012981
FR,France,Jul-24,112398,0.019672292,0.019038352
FR,France,Aug-24,103476,0.01779509,0.018522304
FR,France,Sep-24,114387,0.015,0.017489127
FR,France,Oct-24,99422,0.016788063,0.016527718
FR,France,Nov-24,83452,0.020408143,0.017398735
FR,France,Dec-24,72897,0.021933212,0.019709806
FR,France,Jan-25,96677,0.014198799,0.018846718
FR,France,Feb-25,82385,0.018865783,0.018332598
FR,France,Mar-25,97517,0.017521921,0.016862168
FR,France,Apr-25,98351,0.019742532,0.018710079
FR,France,May-25,91336,0.019593012,0.018952489
FR,France,Jun-25,89705,0.016883476,0.018739674
GB,United Kingdom,Jan-19,75270,0.043478261,NA
GB,United Kingdom,Feb-19,67804,0.048780488,NA
GB,United Kingdom,Mar-19,82668,0.047496951,0.046585233
GB,United Kingdom,Apr-19,85050,0.044873215,0.047050218
GB,United Kingdom,May-19,96956,0.044095657,0.045488608
GB,United Kingdom,Jun-19,94078,0.041152224,0.043373698
GB,United Kingdom,Jul-19,104925,0.03778158,0.04100982
GB,United Kingdom,Aug-19,105062,0.039541598,0.039491801
GB,United Kingdom,Sep-19,98360,0.038924959,0.038749379
GB,United Kingdom,Oct-19,112485,0.034090909,0.037519155
GB,United Kingdom,Nov-19,100895,0.035502982,0.03617295
GB,United Kingdom,Dec-19,66620,0.036461454,0.035351782
GB,United Kingdom,Jan-20,107252,0.016666645,0.029543694
GB,United Kingdom,Feb-20,98041,0.018005553,0.023711218
GB,United Kingdom,Mar-20,72127,0.025882384,0.020184861
GB,United Kingdom,Apr-20,33056,0.045588799,0.029825579
GB,United Kingdom,May-20,40958,0.040366964,0.037279382
GB,United Kingdom,Jun-20,54039,0.032089477,0.039348413
GB,United Kingdom,Jul-20,72654,0.030732887,0.034396443
GB,United Kingdom,Aug-20,74391,0.032089477,0.03163728
GB,United Kingdom,Sep-20,82166,0.032089477,0.03163728
GB,United Kingdom,Oct-20,87640,0.033333355,0.032504103
GB,United Kingdom,Nov-20,72906,0.032089477,0.032504103
GB,United Kingdom,Dec-20,65957,0.032328775,0.032583869
GB,United Kingdom,Jan-21,76700,0.036223923,0.033547392
GB,United Kingdom,Feb-21,82650,0.036224078,0.034925592
GB,United Kingdom,Mar-21,115071,0.028571429,0.033673143
GB,United Kingdom,Apr-21,100158,0.005643308,0.023479605
GB,United Kingdom,May-21,130051,0.016949153,0.01705463
GB,United Kingdom,Jun-21,154860,0.022471943,0.015021468
GB,United Kingdom,Jul-21,172037,0.028001152,0.022474083
GB,United Kingdom,Aug-21,170921,0.03211006,0.027527718
GB,United Kingdom,Sep-21,197007,0.034126155,0.031412456
GB,United Kingdom,Oct-21,197979,0.035513384,0.033916533
GB,United Kingdom,Nov-21,185284,0.038043521,0.035894353
GB,United Kingdom,Dec-21,144270,0.037735849,0.037097585
GB,United Kingdom,Jan-22,190840,0.04,0.038593123
GB,United Kingdom,Feb-22,200375,0.042944785,0.040226878
GB,United Kingdom,Mar-22,246445,0.051546392,0.044830392
GB,United Kingdom,Apr-22,216734,0.063534361,0.052675179
GB,United Kingdom,May-22,234045,0.065500021,0.060193591
GB,United Kingdom,Jun-22,216613,0.061946949,0.063660444
GB,United Kingdom,Jul-22,230297,0.058900522,0.062115831
GB,United Kingdom,Aug-22,229410,0.063829776,0.061559083
GB,United Kingdom,Sep-22,234104,0.063157935,0.061962745
GB,United Kingdom,Oct-22,222726,0.064678457,0.063888723
GB,United Kingdom,Nov-22,212350,0.061850035,0.063228809
GB,United Kingdom,Dec-22,144825,0.062376266,0.062968253
GB,United Kingdom,Jan-23,195650,0.06122449,0.06181693
GB,United Kingdom,Feb-23,179780,0.061157915,0.061586224
GB,United Kingdom,Mar-23,210491,0.066497257,0.062959887
GB,United Kingdom,Apr-23,164107,0.072820517,0.06682523
GB,United Kingdom,May-23,179929,0.074834729,0.071384168
GB,United Kingdom,Jun-23,182613,0.075114712,0.074256652
GB,United Kingdom,Jul-23,182083,0.077400722,0.075783388
GB,United Kingdom,Aug-23,182775,0.071428551,0.074647995
GB,United Kingdom,Sep-23,178676,0.068181818,0.07233703
GB,United Kingdom,Oct-23,174326,0.064646091,0.068085487
GB,United Kingdom,Nov-23,162833,0.060812206,0.064546705
GB,United Kingdom,Dec-23,111803,0.064123357,0.063193885
GB,United Kingdom,Jan-24,165739,0.063725547,0.062887037
GB,United Kingdom,Feb-24,155699,0.062801913,0.063550272
GB,United Kingdom,Mar-24,163110,0.064355059,0.063627506
GB,United Kingdom,Apr-24,141515,0.069158858,0.06543861
GB,United Kingdom,May-24,149444,0.063557868,0.065690595
GB,United Kingdom,Jun-24,143317,0.066666667,0.066461131
GB,United Kingdom,Jul-24,149421,0.060732073,0.063652203
GB,United Kingdom,Aug-24,145458,0.064597606,0.063998782
GB,United Kingdom,Sep-24,141830,0.065610169,0.063646616
GB,United Kingdom,Oct-24,143241,0.0625,0.064235925
GB,United Kingdom,Nov-24,125588,0.063492063,0.063867411
GB,United Kingdom,Dec-24,85848,0.059183673,0.061725246
GB,United Kingdom,Jan-25,135801,0.061538485,0.061404741
GB,United Kingdom,Feb-25,122973,0.057426409,0.059382856
GB,United Kingdom,Mar-25,126161,0.056331217,0.058432037
GB,United Kingdom,Apr-25,114403,0.05499295,0.056250192
GB,United Kingdom,May-25,115692,0.055001633,0.055441933
GB,United Kingdom,Jun-25,107820,0.05499295,0.054995844
IE,Ireland,Jan-19,1075,0.024595883,NA
IE,Ireland,Feb-19,1072,0.02849747,NA
IE,Ireland,Mar-19,1175,0.027149338,0.026747564
IE,Ireland,Apr-19,1243,0.031566165,0.029070991
IE,Ireland,May-19,1391,0.035714286,0.031476596
IE,Ireland,Jun-19,1213,0.030769231,0.032683227
IE,Ireland,Jul-19,1281,0.030000019,0.032161179
IE,Ireland,Aug-19,1564,0.002890148,0.021219799
IE,Ireland,Sep-19,1566,0.018348624,0.017079597
IE,Ireland,Oct-19,1831,0.017425968,0.012888247
IE,Ireland,Nov-19,1935,0.006944427,0.014239673
IE,Ireland,Dec-19,859,0,0.008123465
IE,Ireland,Jan-20,1812,0.027932961,0.011625796
IE,Ireland,Feb-20,1520,0.011265695,0.013066219
IE,Ireland,Mar-20,999,0.01507541,0.018091355
IE,Ireland,Apr-20,575,0.029299377,0.018546827
IE,Ireland,May-20,695,0.05,0.031458262
IE,Ireland,Jun-20,987,0,0.026433126
IE,Ireland,Jul-20,1452,0.014492754,0.021497585
IE,Ireland,Aug-20,1677,0.009615375,0.008036043
IE,Ireland,Sep-20,1983,0.01344864,0.012518923
IE,Ireland,Oct-20,1761,0.031498016,0.018187344
IE,Ireland,Nov-20,1935,0.016946667,0.020631108
IE,Ireland,Dec-20,1552,0.019996994,0.022813892
IE,Ireland,Jan-21,1709,0.022653713,0.019865791
IE,Ireland,Feb-21,1654,0.018181801,0.020277503
IE,Ireland,Mar-21,1828,0,0.013611838
IE,Ireland,Apr-21,1677,6.8182e-5,0.006083328
IE,Ireland,May-21,2861,0.012044144,0.004037442
IE,Ireland,Jun-21,3721,0.00592592,0.006012749
IE,Ireland,Jul-21,4404,0.014370156,0.010780073
IE,Ireland,Aug-21,4983,0.026857104,0.015717727
IE,Ireland,Sep-21,6069,0.041666667,0.027631309
IE,Ireland,Oct-21,5130,0.035714286,0.034746019
IE,Ireland,Nov-21,5193,0.045454545,0.040945166
IE,Ireland,Dec-21,3221,0.037306435,0.039491755
IE,Ireland,Jan-22,4810,0.041666667,0.041475882
IE,Ireland,Feb-22,5778,0.048017801,0.042330301
IE,Ireland,Mar-22,6297,0.048184896,0.045956455
IE,Ireland,Apr-22,6198,0.051352269,0.049184989
IE,Ireland,May-22,6866,0.062118785,0.053885317
IE,Ireland,Jun-22,6895,0.05704698,0.056839345
IE,Ireland,Jul-22,6930,0.06167376,0.060279842
IE,Ireland,Aug-22,8547,0.064037803,0.060919514
IE,Ireland,Sep-22,8907,0.058512287,0.06140795
IE,Ireland,Oct-22,7971,0.051956815,0.058168968
IE,Ireland,Nov-22,7648,0.050791486,0.053753529
IE,Ireland,Dec-22,5190,0.049310072,0.050686124
IE,Ireland,Jan-23,7872,0.052006163,0.050702574
IE,Ireland,Feb-23,7532,0.054166675,0.051827636
IE,Ireland,Mar-23,8671,0.054834667,0.053669168
IE,Ireland,Apr-23,8437,0.045454545,0.051485296
IE,Ireland,May-23,8661,0.043409053,0.047899422
IE,Ireland,Jun-23,7131,0.034722222,0.041195274
IE,Ireland,Jul-23,6792,0.037037037,0.038389437
IE,Ireland,Aug-23,7981,0.040838585,0.037532615
IE,Ireland,Sep-23,7954,0.037037037,0.03830422
IE,Ireland,Oct-23,6515,0.031084798,0.03632014
IE,Ireland,Nov-23,6511,0.035244573,0.034455469
IE,Ireland,Dec-23,4015,0.033831873,0.033387081
IE,Ireland,Jan-24,6900,0.038461538,0.035845995
IE,Ireland,Feb-24,6705,0.040209776,0.037501063
IE,Ireland,Mar-24,6293,0.039861352,0.039510889
IE,Ireland,Apr-24,6134,0.035919716,0.038663615
IE,Ireland,May-24,6738,0.047999992,0.041260354
IE,Ireland,Jun-24,5335,0.04685059,0.0435901
IE,Ireland,Jul-24,5416,0.047261665,0.047370749
IE,Ireland,Aug-24,5909,0.047966122,0.047359459
IE,Ireland,Sep-24,6272,0.048213051,0.047813613
IE,Ireland,Oct-24,5835,0.050821694,0.049000289
IE,Ireland,Nov-24,5411,0.044392816,0.047809187
IE,Ireland,Dec-24,3034,0.047087164,0.047433891
IE,Ireland,Jan-25,5870,0.043362148,0.044947376
IE,Ireland,Feb-25,5348,0.039325832,0.043258381
IE,Ireland,Mar-25,5496,0.037833969,0.040173983
IE,Ireland,Apr-25,5282,0.050583665,0.042581155
IE,Ireland,May-25,5481,0.040540541,0.042986058
IE,Ireland,Jun-25,4627,0.040152989,0.043759065
IT,Italy,Jan-19,256,0.032258065,NA
IT,Italy,Feb-19,257,0,NA
IT,Italy,Mar-19,402,0.054411765,0.028889943
IT,Italy,Apr-19,387,0.010416667,0.021609477
IT,Italy,May-19,558,0,0.021609477
IT,Italy,Jun-19,582,0,0.003472222
IT,Italy,Jul-19,488,-0.066666667,-0.022222222
IT,Italy,Aug-19,273,0,-0.022222222
IT,Italy,Sep-19,354,-0.021276596,-0.029314421
IT,Italy,Oct-19,493,0,-0.007092199
IT,Italy,Nov-19,536,0,-0.007092199
IT,Italy,Dec-19,363,-0.0409699,-0.013656633
IT,Italy,Jan-20,707,0.041666667,2.32256e-4
IT,Italy,Feb-20,564,0.022222222,0.007639663
IT,Italy,Mar-20,299,0,0.021296296
IT,Italy,Apr-20,112,0.050454921,0.024225715
IT,Italy,May-20,268,0.081939799,0.044131574
IT,Italy,Jun-20,407,0.041666667,0.058020462
IT,Italy,Jul-20,568,0.045454545,0.05635367
IT,Italy,Aug-20,312,0.028782895,0.038634702
IT,Italy,Sep-20,570,0,0.024745813
IT,Italy,Oct-20,514,0.022960526,0.017247807
IT,Italy,Nov-20,435,0.0625,0.028486842
IT,Italy,Dec-20,363,0.028629032,0.038029853
IT,Italy,Jan-21,572,-0.014978761,0.025383424
IT,Italy,Feb-21,739,-0.034,-0.0067832430000000004
IT,Italy,Mar-21,805,0,-0.016326254
IT,Italy,Apr-21,590,0,-0.011333333
IT,Italy,May-21,1626,0.019375006,0.006458335
IT,Italy,Jun-21,1991,0.037037037,0.018804014
IT,Italy,Jul-21,1905,0.076923077,0.04444504
IT,Italy,Aug-21,1230,0.0409699,0.051643338
IT,Italy,Sep-21,2107,0.040723982,0.052872319
IT,Italy,Oct-21,2025,0,0.027231294
IT,Italy,Nov-21,1926,0.014814815,0.018512932
IT,Italy,Dec-21,1493,0.044466403,0.019760406
IT,Italy,Jan-22,1906,0.013392857,0.024224692
IT,Italy,Feb-22,2794,0.041666667,0.033175309
IT,Italy,Mar-22,4209,0.015058877,0.0233728
IT,Italy,Apr-22,4525,0.037037037,0.031254194
IT,Italy,May-22,5020,0.020008003,0.024034639
IT,Italy,Jun-22,4800,0.030536131,0.029193724
IT,Italy,Jul-22,4279,0.025,0.025181378
IT,Italy,Aug-22,2872,0.019237884,0.024924671
IT,Italy,Sep-22,4737,0.029411765,0.024549883
IT,Italy,Oct-22,3914,0.048076923,0.032242191
IT,Italy,Nov-22,3614,0.038461538,0.038650075
IT,Italy,Dec-22,2863,0.037037037,0.041191833
IT,Italy,Jan-23,4055,0.018181818,0.031226798
IT,Italy,Feb-23,4448,0.032258065,0.029158973
IT,Italy,Mar-23,7114,0.033333333,0.027924405
IT,Italy,Apr-23,6436,0.018518519,0.028036639
IT,Italy,May-23,7868,0.006012967,0.019288273
IT,Italy,Jun-23,7762,0,0.008177162
IT,Italy,Jul-23,5972,0,0.002004322
IT,Italy,Aug-23,4453,0,0
IT,Italy,Sep-23,6860,0.017857143,0.005952381
IT,Italy,Oct-23,6617,0,0.005952381
IT,Italy,Nov-23,5812,0.016949153,0.011602098
IT,Italy,Dec-23,4779,0,0.005649718
IT,Italy,Jan-24,7430,0.020833333,0.012594162
IT,Italy,Feb-24,7515,0.02484375,0.015225694
IT,Italy,Mar-24,7776,0.0137918,0.019822961
IT,Italy,Apr-24,7848,0.03030303,0.022979527
IT,Italy,May-24,8475,0.017392641,0.020495824
IT,Italy,Jun-24,7634,0.037037037,0.028244236
IT,Italy,Jul-24,6637,0.03125,0.028559893
IT,Italy,Aug-24,5201,0.04,0.036095679
IT,Italy,Sep-24,6820,0.033333333,0.034861111
IT,Italy,Oct-24,6585,0.03125,0.034861111
IT,Italy,Nov-24,5879,0.037037037,0.033873457
IT,Italy,Dec-24,4408,0.02173913,0.030008722
IT,Italy,Jan-25,8064,0.027027027,0.028601065
IT,Italy,Feb-25,7812,0.014390734,0.021052297
IT,Italy,Mar-25,8023,0.031054545,0.024157435
IT,Italy,Apr-25,8645,0.015531675,0.020325651
IT,Italy,May-25,10596,0.001439274,0.016008498
IT,Italy,Jun-25,8953,0,0.005656983
NL,Netherlands,Jan-19,4573,0.034993912,NA
NL,Netherlands,Feb-19,4419,0.034768212,NA
NL,Netherlands,Mar-19,4891,0.008860991,0.026207705
NL,Netherlands,Apr-19,5158,0.041666667,0.028431956
NL,Netherlands,May-19,5724,0.032045455,0.027524371
NL,Netherlands,Jun-19,5582,0.034380557,0.036030893
NL,Netherlands,Jul-19,6194,0.019194871,0.028540294
NL,Netherlands,Aug-19,6899,0.022374034,0.025316487
NL,Netherlands,Sep-19,6756,0.020833333,0.020800746
NL,Netherlands,Oct-19,8338,0.028324723,0.02384403
NL,Netherlands,Nov-19,8232,0.026955055,0.025371037
NL,Netherlands,Dec-19,7228,0.025787006,0.027022261
NL,Netherlands,Jan-20,7270,0.019607843,0.024116635
NL,Netherlands,Feb-20,8377,0.013157895,0.019517581
NL,Netherlands,Mar-20,5594,0.032069853,0.021611864
NL,Netherlands,Apr-20,3337,0.00819393,0.017807226
NL,Netherlands,May-20,4200,0.008211921,0.016158568
NL,Netherlands,Jun-20,5495,0.00167917,0.00602834
NL,Netherlands,Jul-20,8212,0.005052706,0.004981266
NL,Netherlands,Aug-20,6372,0.0200625,0.008931459
NL,Netherlands,Sep-20,8207,0.016442703,0.013852636
NL,Netherlands,Oct-20,8534,0.007960549,0.014821917
NL,Netherlands,Nov-20,8785,0.007518981,0.010640745
NL,Netherlands,Dec-20,7791,9.76585e-4,0.005485372
NL,Netherlands,Jan-21,7808,0.014743356000000001,0.007746308
NL,Netherlands,Feb-21,10296,0,0.00523998
NL,Netherlands,Mar-21,11258,-0.004184168,0.003519729
NL,Netherlands,Apr-21,10689,0.004577508,1.31113e-4
NL,Netherlands,May-21,10933,0.009184845,0.003192728
NL,Netherlands,Jun-21,12076,0.015151515,0.009637956
NL,Netherlands,Jul-21,11404,0.018518501,0.014284954
NL,Netherlands,Aug-21,9547,0.025,0.019556672
NL,Netherlands,Sep-21,10756,0.02993562,0.024484707
NL,Netherlands,Oct-21,12092,0.0198003,0.024911973
NL,Netherlands,Nov-21,12267,0.014140328,0.021292082
NL,Netherlands,Dec-21,12583,0.016441006,0.016793878
NL,Netherlands,Jan-22,13909,0.013800365,0.0147939
NL,Netherlands,Feb-22,14759,0.038962149,0.02306784
NL,Netherlands,Mar-22,17845,0.03180116,0.028187891
NL,Netherlands,Apr-22,21294,0.02962406,0.033462456
NL,Netherlands,May-22,20517,0.042553191,0.03465947
NL,Netherlands,Jun-22,21181,0.03931132,0.037162857
NL,Netherlands,Jul-22,21706,0.044794668,0.042219726
NL,Netherlands,Aug-22,20735,0.04091454,0.041673509
NL,Netherlands,Sep-22,21408,0.045571148,0.043760119
NL,Netherlands,Oct-22,19588,0.04377565,0.043420446
NL,Netherlands,Nov-22,23998,0.043846756,0.044397851
NL,Netherlands,Dec-22,20005,0.044548828,0.044057078
NL,Netherlands,Jan-23,24272,0.057051025,0.048482203
NL,Netherlands,Feb-23,21756,0.06122449,0.054274781
NL,Netherlands,Mar-23,28703,0.048387097,0.055554204
NL,Netherlands,Apr-23,24424,0.061716505,0.057109364
NL,Netherlands,May-23,24686,0.055931064,0.055344888
NL,Netherlands,Jun-23,26471,0.055011267,0.057552945
NL,Netherlands,Jul-23,23745,0.057692308,0.056211546
NL,Netherlands,Aug-23,23255,0.053328686,0.055344087
NL,Netherlands,Sep-23,23792,0.061923337,0.05764811
NL,Netherlands,Oct-23,24282,0.056502347,0.057251457
NL,Netherlands,Nov-23,25366,0.05994119,0.059455625
NL,Netherlands,Dec-23,22426,0.0626875,0.059710346
NL,Netherlands,Jan-24,24912,0.071428571,0.064685754
NL,Netherlands,Feb-24,25479,0.068965517,0.067693863
NL,Netherlands,Mar-24,27937,0.074582289,0.071658793
NL,Netherlands,Apr-24,25752,0.060895968,0.068147925
NL,Netherlands,May-24,24340,0.069176476,0.068218244
NL,Netherlands,Jun-24,22117,0.079311771,0.069794738
NL,Netherlands,Jul-24,20706,0.077194993,0.075227747
NL,Netherlands,Aug-24,18087,0.078532123,0.078346296
NL,Netherlands,Sep-24,19204,0.072544215,0.076090444
NL,Netherlands,Oct-24,22853,0.070631786,0.073902708
NL,Netherlands,Nov-24,21754,0.067643072,0.070273024
NL,Netherlands,Dec-24,19314,0.067650343,0.068641734
NL,Netherlands,Jan-25,21473,0.056779661,0.064024359
NL,Netherlands,Feb-25,20795,0.059295409,0.061241804
NL,Netherlands,Mar-25,22075,0.055662327,0.057245799
NL,Netherlands,Apr-25,22350,0.056705882,0.057221206
NL,Netherlands,May-25,21098,0.050477316,0.054281842
NL,Netherlands,Jun-25,19294,0.047169811,0.051451003
US,United States,Jan-19,150836,0.035714286,NA
US,United States,Feb-19,147757,0.037037037,NA
US,United States,Mar-19,206153,0.038461538,0.037070954
US,United States,Apr-19,209450,0.035714286,0.037070954
US,United States,May-19,218445,0.034482759,0.036219528
US,United States,Jun-19,196171,0.034482759,0.034893268
US,United States,Jul-19,185148,0.031877627,0.033614381
US,United States,Aug-19,219945,0.034090909,0.033483765
US,United States,Sep-19,156976,0.027777778,0.031248771
US,United States,Oct-19,202533,0.028571429,0.030146705
US,United States,Nov-19,163168,0.030081748,0.028810318
US,United States,Dec-19,143553,0.023809524,0.027487567
US,United States,Jan-20,226415,0.026086957,0.026659409
US,United States,Feb-20,233506,0.024367294,0.024754591
US,United States,Mar-20,193182,0.030303033,0.026919095
US,United States,Apr-20,128043,0.034482759,0.029717695
US,United States,May-20,216941,0.018766756,0.027850849
US,United States,Jun-20,269600,0.016949153,0.023399556
US,United States,Jul-20,314289,0.021276596,0.018997501
US,United States,Aug-20,332075,0.028253949,0.022159899
US,United States,Sep-20,332775,0.03030303,0.026611192
US,United States,Oct-20,371029,0.033707865,0.030754948
US,United States,Nov-20,272958,0.033707865,0.03257292
US,United States,Dec-20,265703,0.037037037,0.034817589
US,United States,Jan-21,390007,0.04,0.036914967
US,United States,Feb-21,421066,0.047619048,0.041552028
US,United States,Mar-21,575088,0.046666667,0.044761905
US,United States,Apr-21,546010,0.052631579,0.048972431
US,United States,May-21,558421,0.08,0.059766082
US,United States,Jun-21,565418,0.082413772,0.071681784
US,United States,Jul-21,560316,0.084745763,0.082386512
US,United States,Aug-21,514088,0.085714286,0.084291273
US,United States,Sep-21,509650,0.088235294,0.086231781
US,United States,Oct-21,521058,0.09352518,0.089158253
US,United States,Nov-21,440005,0.094736842,0.092165772000000007
US,United States,Dec-21,470876,0.091239777,0.093167266
US,United States,Jan-22,539642,0.095238095,0.093738238
US,United States,Feb-22,555293,0.090909091,0.092462321
US,United States,Mar-22,737740,0.09375,0.093299062
US,United States,Apr-22,704526,0.090909091,0.091856061
US,United States,May-22,684987,0.081967213,0.088875435
US,United States,Jun-22,694627,0.078431373,0.083769226
US,United States,Jul-22,882382,0.076615378,0.079004654
US,United States,Aug-22,1065804,0.073170732,0.076072494
US,United States,Sep-22,928510,0.066666667,0.072150925
US,United States,Oct-22,789707,0.065756558,0.068531319
US,United States,Nov-22,830332,0.0625,0.064974408
US,United States,Dec-22,823609,0.0625,0.063585519
US,United States,Jan-23,954539,0.060875805,0.061958602
US,United States,Feb-23,913871,0.060606061,0.061327289
US,United States,Mar-23,1171900,0.057971014,0.059817627
US,United States,Apr-23,1094242,0.053191489,0.057256188
US,United States,May-23,1099811,0.051724138,0.054295547
US,United States,Jun-23,1081570,0.048780488,0.051232038
US,United States,Jul-23,1071921,0.043478261,0.047994296
US,United States,Aug-23,1241791,0.041666667,0.044641805
US,United States,Sep-23,1072196,0.041666667,0.042270531
US,United States,Oct-23,1048958,0.037037037,0.040123457
US,United States,Nov-23,943451,0.035714286,0.03813933
US,United States,Dec-23,857656,0.033333333,0.035361552
US,United States,Jan-24,1046078,0.03030303,0.033116883
US,United States,Feb-24,1023709,0.030487805,0.031374723
US,United States,Mar-24,1173807,0.03030303,0.030364622
US,United States,Apr-24,1063214,0.029411765,0.030067533
US,United States,May-24,1075551,0.030229104,0.0299813
US,United States,Jun-24,974365,0.030815972,0.03015228
US,United States,Jul-24,963602,0.032608691,0.031217922
US,United States,Aug-24,1054578,0.03262798,0.032017548
US,United States,Sep-24,915465,0.032786885,0.032674519
US,United States,Oct-24,944098,0.034342113,0.033252326
US,United States,Nov-24,781063,0.034482759,0.033870586
US,United States,Dec-24,696879,0.032258065,0.033694312
US,United States,Jan-25,935835,0.033565544,0.033435456
US,United States,Feb-25,840305,0.033265118,0.033029576
US,United States,Mar-25,936570,0.03030303,0.032377898
US,United States,Apr-25,930482,0.029894949,0.031154366
US,United States,May-25,902345,0.029411765,0.029869915
US,United States,Jun-25,794254,0.028571416,0.02929271
EA,Euro Area,Jan-19,25772,0.020867129,NA
EA,Euro Area,Feb-19,25778,0.025047871,NA
EA,Euro Area,Mar-19,31978,0.031259326,0.025724775
EA,Euro Area,Apr-19,31019,0.035637771,0.030648323
EA,Euro Area,May-19,35419,0.029313216,0.032070104
EA,Euro Area,Jun-19,37131,0.028436119,0.031129035
EA,Euro Area,Jul-19,41711,0.013874744,0.023874693
EA,Euro Area,Aug-19,43713,0.019869448,0.02072677
EA,Euro Area,Sep-19,43510,0.0162747,0.016672964
EA,Euro Area,Oct-19,52964,0.022415988,0.019520045
EA,Euro Area,Nov-19,47925,0.02061082,0.019767169
EA,Euro Area,Dec-19,43803,0.013284345,0.018770384
EA,Euro Area,Jan-20,58178,0.026909711,0.020268292
EA,Euro Area,Feb-20,52922,0.023275909,0.021156655
EA,Euro Area,Mar-20,38250,0.019351376,0.023178998
EA,Euro Area,Apr-20,19522,0.027444103,0.023357129
EA,Euro Area,May-20,34783,0.022303575,0.023033018
EA,Euro Area,Jun-20,48078,0.011308257,0.020351978
EA,Euro Area,Jul-20,59207,0.011781336,0.015131056
EA,Euro Area,Aug-20,48960,0.012268459,0.011786018
EA,Euro Area,Sep-20,61440,0.006642611,0.010230802
EA,Euro Area,Oct-20,60550,0.008971276,0.009294116
EA,Euro Area,Nov-20,48550,0.015416664,0.010343517
EA,Euro Area,Dec-20,46995,0.008529293,0.010972411
EA,Euro Area,Jan-21,52364,0.013726906,0.012557621
EA,Euro Area,Feb-21,55694,0.002416911,0.00822437
EA,Euro Area,Mar-21,68774,-0.001869291,0.004758175
EA,Euro Area,Apr-21,61933,-0.002182371,-5.44917e-4
EA,Euro Area,May-21,80368,0.009920509,0.001956282
EA,Euro Area,Jun-21,98994,0.021427043,0.009721727
EA,Euro Area,Jul-21,96315,0.033286958,0.021544836
EA,Euro Area,Aug-21,79361,0.019325319,0.024679773
EA,Euro Area,Sep-21,104065,0.024764241,0.025792172
EA,Euro Area,Oct-21,102742,0.021542896,0.021877485
EA,Euro Area,Nov-21,94022,0.023574788,0.023293975
EA,Euro Area,Dec-21,92181,0.031156446,0.02542471
EA,Euro Area,Jan-22,107946,0.030239339,0.028323524
EA,Euro Area,Feb-22,118310,0.039833006,0.03374293
EA,Euro Area,Mar-22,142070,0.03885091,0.036307751
EA,Euro Area,Apr-22,137591,0.045493845,0.041392587
EA,Euro Area,May-22,141507,0.052936416,0.04576039
EA,Euro Area,Jun-22,156238,0.047175795,0.048535352
EA,Euro Area,Jul-22,153099,0.046380598,0.048830936
EA,Euro Area,Aug-22,146828,0.044767083,0.046107825
EA,Euro Area,Sep-22,186055,0.056655462,0.049267714
EA,Euro Area,Oct-22,169022,0.047140922,0.049521156
EA,Euro Area,Nov-22,179535,0.054427897,0.052741427
EA,Euro Area,Dec-22,190369,0.055632915,0.052400578
EA,Euro Area,Jan-23,184716,0.045012112,0.051690974
EA,Euro Area,Feb-23,175403,0.049157914,0.049934314
EA,Euro Area,Mar-23,216627,0.046430819,0.046866948
EA,Euro Area,Apr-23,193312,0.043435707,0.04634148
EA,Euro Area,May-23,197502,0.043181976,0.044349501
EA,Euro Area,Jun-23,219029,0.041504742,0.042707475
EA,Euro Area,Jul-23,210416,0.037975615,0.040887445
EA,Euro Area,Aug-23,220853,0.038899544,0.039459967
EA,Euro Area,Sep-23,234677,0.038173985,0.038349715
EA,Euro Area,Oct-23,212121,0.037458758,0.038177429
EA,Euro Area,Nov-23,205177,0.034751603,0.036794782
EA,Euro Area,Dec-23,182556,0.033018543,0.035076301
EA,Euro Area,Jan-24,201359,0.034893102,0.034221082
EA,Euro Area,Feb-24,203249,0.038236015,0.035382553
EA,Euro Area,Mar-24,201885,0.034690191,0.035939769
EA,Euro Area,Apr-24,197152,0.030558339,0.034494848
EA,Euro Area,May-24,180068,0.03028985,0.031846126
EA,Euro Area,Jun-24,174319,0.0368848,0.032577663
EA,Euro Area,Jul-24,181752,0.039910549,0.035695066
EA,Euro Area,Aug-24,166866,0.038374075,0.038389808
EA,Euro Area,Sep-24,181895,0.037998636,0.038761087
EA,Euro Area,Oct-24,168664,0.035953616,0.037442109
EA,Euro Area,Nov-24,148310,0.035687085,0.036546446
EA,Euro Area,Dec-24,125000,0.034304647,0.035315116
EA,Euro Area,Jan-25,166534,0.028929622,0.032973785
EA,Euro Area,Feb-25,146759,0.02626338,0.02983255
EA,Euro Area,Mar-25,164754,0.032660487,0.029284496
EA,Euro Area,Apr-25,163470,0.033281212,0.030735026
EA,Euro Area,May-25,157810,0.024799006,0.030246902
EA,Euro Area,Jun-25,148106,0.024987449,0.027689222
